2025/12/21 22:03:58 [notice] 1#1: using the "epoll" event method
2025/12/21 22:03:58 [notice] 1#1: nginx/1.29.4
2025/12/21 22:03:58 [notice] 1#1: built by gcc 14.2.0 (Debian 14.2.0-19) 
2025/12/21 22:03:58 [notice] 1#1: OS: Linux 6.6.12-linuxkit
2025/12/21 22:03:58 [notice] 1#1: getrlimit(RLIMIT_NOFILE): 1048576:1048576
2025/12/21 22:03:58 [notice] 1#1: start worker processes
2025/12/21 22:03:58 [notice] 1#1: start worker process 29
2025/12/21 22:03:58 [notice] 1#1: start worker process 30
2025/12/21 22:03:58 [notice] 1#1: start worker process 31
2025/12/21 22:03:58 [notice] 1#1: start worker process 32
2025/12/21 22:03:58 [notice] 1#1: start worker process 33
2025/12/21 22:03:58 [notice] 1#1: start worker process 34
2025/12/21 22:03:58 [notice] 1#1: start worker process 35
2025/12/21 22:03:58 [notice] 1#1: start worker process 36
2025/12/21 22:03:58 [notice] 1#1: start worker process 37
2025/12/21 22:03:58 [notice] 1#1: start worker process 38
2025/12/21 22:03:58 [notice] 1#1: start worker process 39
2025/12/21 22:03:58 [notice] 1#1: start worker process 40
2025/12/21 22:03:58 [notice] 1#1: start worker process 41
2025/12/21 22:03:58 [notice] 1#1: start worker process 42
2025/12/21 22:03:58 [notice] 1#1: start worker process 43
2025/12/21 22:03:58 [notice] 1#1: start worker process 44
2025/12/21 22:04:34 [notice] 1#1: signal 3 (SIGQUIT) received, shutting down
2025/12/21 22:04:34 [notice] 29#29: gracefully shutting down
2025/12/21 22:04:34 [notice] 29#29: exiting
2025/12/21 22:04:34 [notice] 42#42: gracefully shutting down
2025/12/21 22:04:34 [notice] 42#42: exiting
2025/12/21 22:04:34 [notice] 43#43: gracefully shutting down
2025/12/21 22:04:34 [notice] 43#43: exiting
2025/12/21 22:04:34 [notice] 30#30: gracefully shutting down
2025/12/21 22:04:34 [notice] 30#30: exiting
2025/12/21 22:04:34 [notice] 44#44: gracefully shutting down
2025/12/21 22:04:34 [notice] 44#44: exiting
2025/12/21 22:04:34 [notice] 31#31: gracefully shutting down
2025/12/21 22:04:34 [notice] 31#31: exiting
2025/12/21 22:04:34 [notice] 32#32: gracefully shutting down
2025/12/21 22:04:34 [notice] 32#32: exiting
2025/12/21 22:04:34 [notice] 33#33: gracefully shutting down
2025/12/21 22:04:34 [notice] 34#34: gracefully shutting down
2025/12/21 22:04:34 [notice] 34#34: exiting
2025/12/21 22:04:34 [notice] 35#35: gracefully shutting down
2025/12/21 22:04:34 [notice] 36#36: gracefully shutting down
2025/12/21 22:04:34 [notice] 37#37: gracefully shutting down
2025/12/21 22:04:34 [notice] 38#38: gracefully shutting down
2025/12/21 22:04:34 [notice] 38#38: exiting
2025/12/21 22:04:34 [notice] 39#39: gracefully shutting down
2025/12/21 22:04:34 [notice] 40#40: gracefully shutting down
2025/12/21 22:04:34 [notice] 41#41: gracefully shutting down
2025/12/21 22:04:34 [notice] 29#29: exit
2025/12/21 22:04:34 [notice] 42#42: exit
2025/12/21 22:04:34 [notice] 43#43: exit
2025/12/21 22:04:34 [notice] 30#30: exit
2025/12/21 22:04:34 [notice] 44#44: exit
2025/12/21 22:04:34 [notice] 31#31: exit
2025/12/21 22:04:34 [notice] 32#32: exit
2025/12/21 22:04:34 [notice] 33#33: exiting
2025/12/21 22:04:34 [notice] 33#33: exit
2025/12/21 22:04:34 [notice] 34#34: exit
2025/12/21 22:04:34 [notice] 35#35: exiting
2025/12/21 22:04:34 [notice] 36#36: exiting
2025/12/21 22:04:34 [notice] 37#37: exiting
2025/12/21 22:04:34 [notice] 38#38: exit
2025/12/21 22:04:34 [notice] 39#39: exiting
2025/12/21 22:04:34 [notice] 40#40: exiting
2025/12/21 22:04:34 [notice] 41#41: exiting
2025/12/21 22:04:34 [notice] 35#35: exit
2025/12/21 22:04:34 [notice] 36#36: exit
2025/12/21 22:04:34 [notice] 37#37: exit
2025/12/21 22:04:34 [notice] 39#39: exit
2025/12/21 22:04:34 [notice] 40#40: exit
2025/12/21 22:04:34 [notice] 41#41: exit
2025/12/21 22:04:34 [notice] 1#1: signal 17 (SIGCHLD) received from 39
2025/12/21 22:04:34 [notice] 1#1: worker process 29 exited with code 0
2025/12/21 22:04:34 [notice] 1#1: worker process 31 exited with code 0
2025/12/21 22:04:34 [notice] 1#1: worker process 32 exited with code 0
2025/12/21 22:04:34 [notice] 1#1: worker process 33 exited with code 0
2025/12/21 22:04:34 [notice] 1#1: worker process 34 exited with code 0
2025/12/21 22:04:34 [notice] 1#1: worker process 35 exited with code 0
2025/12/21 22:04:34 [notice] 1#1: worker process 36 exited with code 0
2025/12/21 22:04:34 [notice] 1#1: worker process 37 exited with code 0
2025/12/21 22:04:34 [notice] 1#1: worker process 38 exited with code 0
2025/12/21 22:04:34 [notice] 1#1: worker process 39 exited with code 0
2025/12/21 22:04:34 [notice] 1#1: worker process 40 exited with code 0
2025/12/21 22:04:34 [notice] 1#1: worker process 41 exited with code 0
2025/12/21 22:04:34 [notice] 1#1: worker process 42 exited with code 0
2025/12/21 22:04:34 [notice] 1#1: worker process 43 exited with code 0
2025/12/21 22:04:34 [notice] 1#1: worker process 30 exited with code 0
2025/12/21 22:04:34 [notice] 1#1: worker process 44 exited with code 0
2025/12/21 22:04:34 [notice] 1#1: exit
2025/12/21 22:04:50 [notice] 1#1: using the "epoll" event method
2025/12/21 22:04:50 [notice] 1#1: nginx/1.29.4
2025/12/21 22:04:50 [notice] 1#1: built by gcc 14.2.0 (Debian 14.2.0-19) 
2025/12/21 22:04:50 [notice] 1#1: OS: Linux 6.6.12-linuxkit
2025/12/21 22:04:50 [notice] 1#1: getrlimit(RLIMIT_NOFILE): 1048576:1048576
2025/12/21 22:04:50 [notice] 1#1: start worker processes
2025/12/21 22:04:50 [notice] 1#1: start worker process 22
2025/12/21 22:04:50 [notice] 1#1: start worker process 23
2025/12/21 22:04:50 [notice] 1#1: start worker process 24
2025/12/21 22:04:50 [notice] 1#1: start worker process 25
2025/12/21 22:04:50 [notice] 1#1: start worker process 26
2025/12/21 22:04:50 [notice] 1#1: start worker process 27
2025/12/21 22:04:50 [notice] 1#1: start worker process 28
2025/12/21 22:04:50 [notice] 1#1: start worker process 29
2025/12/21 22:04:50 [notice] 1#1: start worker process 30
2025/12/21 22:04:50 [notice] 1#1: start worker process 31
2025/12/21 22:04:50 [notice] 1#1: start worker process 32
2025/12/21 22:04:50 [notice] 1#1: start worker process 33
2025/12/21 22:04:50 [notice] 1#1: start worker process 34
2025/12/21 22:04:50 [notice] 1#1: start worker process 35
2025/12/21 22:04:50 [notice] 1#1: start worker process 36
2025/12/21 22:04:50 [notice] 1#1: start worker process 37
2025/12/21 22:05:02 [error] 22#22: *1 open() "/usr/share/nginx/html/favicon.ico" failed (2: No such file or directory), client: 192.168.65.1, server: localhost, request: "GET /favicon.ico HTTP/1.1", host: "localhost", referrer: "http://localhost/"
2025/12/21 23:13:48 [notice] 1#1: signal 3 (SIGQUIT) received, shutting down
2025/12/21 23:13:48 [notice] 22#22: gracefully shutting down
2025/12/21 23:13:48 [notice] 22#22: exiting
2025/12/21 23:13:48 [notice] 23#23: gracefully shutting down
2025/12/21 23:13:48 [notice] 23#23: exiting
2025/12/21 23:13:48 [notice] 24#24: gracefully shutting down
2025/12/21 23:13:48 [notice] 25#25: gracefully shutting down
2025/12/21 23:13:48 [notice] 25#25: exiting
2025/12/21 23:13:48 [notice] 36#36: gracefully shutting down
2025/12/21 23:13:48 [notice] 36#36: exiting
2025/12/21 23:13:48 [notice] 26#26: gracefully shutting down
2025/12/21 23:13:48 [notice] 27#27: gracefully shutting down
2025/12/21 23:13:48 [notice] 28#28: gracefully shutting down
2025/12/21 23:13:48 [notice] 28#28: exiting
2025/12/21 23:13:48 [notice] 29#29: gracefully shutting down
2025/12/21 23:13:48 [notice] 30#30: gracefully shutting down
2025/12/21 23:13:48 [notice] 30#30: exiting
2025/12/21 23:13:48 [notice] 31#31: gracefully shutting down
2025/12/21 23:13:48 [notice] 31#31: exiting
2025/12/21 23:13:48 [notice] 32#32: gracefully shutting down
2025/12/21 23:13:48 [notice] 33#33: gracefully shutting down
2025/12/21 23:13:48 [notice] 33#33: exiting
2025/12/21 23:13:48 [notice] 35#35: gracefully shutting down
2025/12/21 23:13:48 [notice] 34#34: gracefully shutting down
2025/12/21 23:13:48 [notice] 37#37: gracefully shutting down
2025/12/21 23:13:48 [notice] 22#22: exit
2025/12/21 23:13:48 [notice] 23#23: exit
2025/12/21 23:13:48 [notice] 24#24: exiting
2025/12/21 23:13:48 [notice] 24#24: exit
2025/12/21 23:13:48 [notice] 25#25: exit
2025/12/21 23:13:48 [notice] 36#36: exit
2025/12/21 23:13:48 [notice] 26#26: exiting
2025/12/21 23:13:48 [notice] 27#27: exiting
2025/12/21 23:13:48 [notice] 28#28: exit
2025/12/21 23:13:48 [notice] 29#29: exiting
2025/12/21 23:13:48 [notice] 30#30: exit
2025/12/21 23:13:48 [notice] 31#31: exit
2025/12/21 23:13:48 [notice] 32#32: exiting
2025/12/21 23:13:48 [notice] 33#33: exit
2025/12/21 23:13:48 [notice] 35#35: exiting
2025/12/21 23:13:48 [notice] 34#34: exiting
2025/12/21 23:13:48 [notice] 37#37: exiting
2025/12/21 23:13:48 [notice] 26#26: exit
2025/12/21 23:13:48 [notice] 27#27: exit
2025/12/21 23:13:48 [notice] 29#29: exit
2025/12/21 23:13:48 [notice] 32#32: exit
2025/12/21 23:13:48 [notice] 35#35: exit
2025/12/21 23:13:48 [notice] 34#34: exit
2025/12/21 23:13:48 [notice] 37#37: exit
2025/12/21 23:13:48 [notice] 1#1: signal 17 (SIGCHLD) received from 28
2025/12/21 23:13:48 [notice] 1#1: worker process 22 exited with code 0
2025/12/21 23:13:48 [notice] 1#1: worker process 23 exited with code 0
2025/12/21 23:13:48 [notice] 1#1: worker process 25 exited with code 0
2025/12/21 23:13:48 [notice] 1#1: worker process 27 exited with code 0
2025/12/21 23:13:48 [notice] 1#1: worker process 28 exited with code 0
2025/12/21 23:13:48 [notice] 1#1: worker process 29 exited with code 0
2025/12/21 23:13:48 [notice] 1#1: worker process 30 exited with code 0
2025/12/21 23:13:48 [notice] 1#1: worker process 31 exited with code 0
2025/12/21 23:13:48 [notice] 1#1: worker process 33 exited with code 0
2025/12/21 23:13:48 [notice] 1#1: worker process 34 exited with code 0
2025/12/21 23:13:48 [notice] 1#1: worker process 35 exited with code 0
2025/12/21 23:13:48 [notice] 1#1: worker process 36 exited with code 0
2025/12/21 23:13:48 [notice] 1#1: signal 29 (SIGIO) received
2025/12/21 23:13:48 [notice] 1#1: signal 17 (SIGCHLD) received from 34
2025/12/21 23:13:48 [notice] 1#1: signal 17 (SIGCHLD) received from 26
2025/12/21 23:13:48 [notice] 1#1: worker process 24 exited with code 0
2025/12/21 23:13:48 [notice] 1#1: worker process 26 exited with code 0
2025/12/21 23:13:48 [notice] 1#1: worker process 32 exited with code 0
2025/12/21 23:13:48 [notice] 1#1: signal 29 (SIGIO) received
2025/12/21 23:13:48 [notice] 1#1: signal 17 (SIGCHLD) received from 24
2025/12/21 23:13:48 [notice] 1#1: signal 17 (SIGCHLD) received from 37
2025/12/21 23:13:48 [notice] 1#1: worker process 37 exited with code 0
2025/12/21 23:13:48 [notice] 1#1: exit
2026/02/02 18:32:29 [warn] 1#1: the "listen ... http2" directive is deprecated, use the "http2" directive instead in /etc/nginx/sites-enabled/diet.conf:28
2026/02/02 18:32:29 [warn] 1#1: the "listen ... http2" directive is deprecated, use the "http2" directive instead in /etc/nginx/sites-enabled/diet.conf:39
2026/02/02 18:32:29 [warn] 1#1: the "listen ... http2" directive is deprecated, use the "http2" directive instead in /etc/nginx/sites-enabled/geo.conf:26
2026/02/02 18:32:29 [warn] 1#1: the "listen ... http2" directive is deprecated, use the "http2" directive instead in /etc/nginx/sites-enabled/geo.conf:37
2026/02/02 18:32:29 [emerg] 1#1: host not found in upstream "diet_frontend" in /etc/nginx/sites-enabled/diet.conf:63
2026/02/02 18:32:29 [warn] 1#1: the "listen ... http2" directive is deprecated, use the "http2" directive instead in /etc/nginx/sites-enabled/diet.conf:28
2026/02/02 18:32:29 [warn] 1#1: the "listen ... http2" directive is deprecated, use the "http2" directive instead in /etc/nginx/sites-enabled/diet.conf:39
2026/02/02 18:32:29 [warn] 1#1: the "listen ... http2" directive is deprecated, use the "http2" directive instead in /etc/nginx/sites-enabled/geo.conf:26
2026/02/02 18:32:29 [warn] 1#1: the "listen ... http2" directive is deprecated, use the "http2" directive instead in /etc/nginx/sites-enabled/geo.conf:37
2026/02/02 18:32:29 [emerg] 1#1: host not found in upstream "diet_frontend" in /etc/nginx/sites-enabled/diet.conf:63
2026/02/02 18:32:30 [warn] 1#1: the "listen ... http2" directive is deprecated, use the "http2" directive instead in /etc/nginx/sites-enabled/diet.conf:28
2026/02/02 18:32:30 [warn] 1#1: the "listen ... http2" directive is deprecated, use the "http2" directive instead in /etc/nginx/sites-enabled/diet.conf:39
2026/02/02 18:32:30 [warn] 1#1: the "listen ... http2" directive is deprecated, use the "http2" directive instead in /etc/nginx/sites-enabled/geo.conf:26
2026/02/02 18:32:30 [warn] 1#1: the "listen ... http2" directive is deprecated, use the "http2" directive instead in /etc/nginx/sites-enabled/geo.conf:37
2026/02/02 18:32:30 [emerg] 1#1: host not found in upstream "diet_frontend" in /etc/nginx/sites-enabled/diet.conf:63
2026/02/02 18:32:30 [warn] 1#1: the "listen ... http2" directive is deprecated, use the "http2" directive instead in /etc/nginx/sites-enabled/diet.conf:28
2026/02/02 18:32:30 [warn] 1#1: the "listen ... http2" directive is deprecated, use the "http2" directive instead in /etc/nginx/sites-enabled/diet.conf:39
2026/02/02 18:32:30 [warn] 1#1: the "listen ... http2" directive is deprecated, use the "http2" directive instead in /etc/nginx/sites-enabled/geo.conf:26
2026/02/02 18:32:30 [warn] 1#1: the "listen ... http2" directive is deprecated, use the "http2" directive instead in /etc/nginx/sites-enabled/geo.conf:37
2026/02/02 18:32:30 [emerg] 1#1: host not found in upstream "diet_frontend" in /etc/nginx/sites-enabled/diet.conf:63
2026/02/02 18:32:31 [warn] 1#1: the "listen ... http2" directive is deprecated, use the "http2" directive instead in /etc/nginx/sites-enabled/diet.conf:28
2026/02/02 18:32:31 [warn] 1#1: the "listen ... http2" directive is deprecated, use the "http2" directive instead in /etc/nginx/sites-enabled/diet.conf:39
2026/02/02 18:32:31 [warn] 1#1: the "listen ... http2" directive is deprecated, use the "http2" directive instead in /etc/nginx/sites-enabled/geo.conf:26
2026/02/02 18:32:31 [warn] 1#1: the "listen ... http2" directive is deprecated, use the "http2" directive instead in /etc/nginx/sites-enabled/geo.conf:37
2026/02/02 18:32:31 [emerg] 1#1: host not found in upstream "diet_frontend" in /etc/nginx/sites-enabled/diet.conf:63
2026/02/02 18:32:33 [warn] 1#1: the "listen ... http2" directive is deprecated, use the "http2" directive instead in /etc/nginx/sites-enabled/diet.conf:28
2026/02/02 18:32:33 [warn] 1#1: the "listen ... http2" directive is deprecated, use the "http2" directive instead in /etc/nginx/sites-enabled/diet.conf:39
2026/02/02 18:32:33 [warn] 1#1: the "listen ... http2" directive is deprecated, use the "http2" directive instead in /etc/nginx/sites-enabled/geo.conf:26
2026/02/02 18:32:33 [warn] 1#1: the "listen ... http2" directive is deprecated, use the "http2" directive instead in /etc/nginx/sites-enabled/geo.conf:37
2026/02/02 18:32:33 [emerg] 1#1: host not found in upstream "diet_frontend" in /etc/nginx/sites-enabled/diet.conf:63
2026/02/02 18:32:36 [warn] 1#1: the "listen ... http2" directive is deprecated, use the "http2" directive instead in /etc/nginx/sites-enabled/diet.conf:28
2026/02/02 18:32:36 [warn] 1#1: the "listen ... http2" directive is deprecated, use the "http2" directive instead in /etc/nginx/sites-enabled/diet.conf:39
2026/02/02 18:32:36 [warn] 1#1: the "listen ... http2" directive is deprecated, use the "http2" directive instead in /etc/nginx/sites-enabled/geo.conf:26
2026/02/02 18:32:36 [warn] 1#1: the "listen ... http2" directive is deprecated, use the "http2" directive instead in /etc/nginx/sites-enabled/geo.conf:37
2026/02/02 18:32:36 [emerg] 1#1: host not found in upstream "diet_frontend" in /etc/nginx/sites-enabled/diet.conf:63
2026/02/02 22:08:47 [warn] 1#1: the "listen ... http2" directive is deprecated, use the "http2" directive instead in /etc/nginx/sites-enabled/diet.conf:28
2026/02/02 22:08:47 [warn] 1#1: the "listen ... http2" directive is deprecated, use the "http2" directive instead in /etc/nginx/sites-enabled/diet.conf:39
2026/02/02 22:08:47 [warn] 1#1: the "listen ... http2" directive is deprecated, use the "http2" directive instead in /etc/nginx/sites-enabled/geo.conf:26
2026/02/02 22:08:47 [warn] 1#1: the "listen ... http2" directive is deprecated, use the "http2" directive instead in /etc/nginx/sites-enabled/geo.conf:37
2026/02/02 22:08:47 [emerg] 1#1: host not found in upstream "diet_frontend" in /etc/nginx/sites-enabled/diet.conf:63
2026/02/02 22:08:49 [warn] 1#1: the "listen ... http2" directive is deprecated, use the "http2" directive instead in /etc/nginx/sites-enabled/diet.conf:28
2026/02/02 22:08:49 [warn] 1#1: the "listen ... http2" directive is deprecated, use the "http2" directive instead in /etc/nginx/sites-enabled/diet.conf:39
2026/02/02 22:08:49 [warn] 1#1: the "listen ... http2" directive is deprecated, use the "http2" directive instead in /etc/nginx/sites-enabled/geo.conf:26
2026/02/02 22:08:49 [warn] 1#1: the "listen ... http2" directive is deprecated, use the "http2" directive instead in /etc/nginx/sites-enabled/geo.conf:37
2026/02/02 22:08:49 [emerg] 1#1: host not found in upstream "diet_frontend" in /etc/nginx/sites-enabled/diet.conf:63
2026/02/02 22:08:49 [warn] 1#1: the "listen ... http2" directive is deprecated, use the "http2" directive instead in /etc/nginx/sites-enabled/diet.conf:28
2026/02/02 22:08:49 [warn] 1#1: the "listen ... http2" directive is deprecated, use the "http2" directive instead in /etc/nginx/sites-enabled/diet.conf:39
2026/02/02 22:08:49 [warn] 1#1: the "listen ... http2" directive is deprecated, use the "http2" directive instead in /etc/nginx/sites-enabled/geo.conf:26
2026/02/02 22:08:49 [warn] 1#1: the "listen ... http2" directive is deprecated, use the "http2" directive instead in /etc/nginx/sites-enabled/geo.conf:37
2026/02/02 22:08:49 [emerg] 1#1: host not found in upstream "diet_frontend" in /etc/nginx/sites-enabled/diet.conf:63
2026/02/02 22:08:50 [warn] 1#1: the "listen ... http2" directive is deprecated, use the "http2" directive instead in /etc/nginx/sites-enabled/diet.conf:28
2026/02/02 22:08:50 [warn] 1#1: the "listen ... http2" directive is deprecated, use the "http2" directive instead in /etc/nginx/sites-enabled/diet.conf:39
2026/02/02 22:08:50 [warn] 1#1: the "listen ... http2" directive is deprecated, use the "http2" directive instead in /etc/nginx/sites-enabled/geo.conf:26
2026/02/02 22:08:50 [warn] 1#1: the "listen ... http2" directive is deprecated, use the "http2" directive instead in /etc/nginx/sites-enabled/geo.conf:37
2026/02/02 22:08:50 [emerg] 1#1: host not found in upstream "diet_frontend" in /etc/nginx/sites-enabled/diet.conf:63
2026/02/02 22:08:50 [warn] 1#1: the "listen ... http2" directive is deprecated, use the "http2" directive instead in /etc/nginx/sites-enabled/diet.conf:28
2026/02/02 22:08:50 [warn] 1#1: the "listen ... http2" directive is deprecated, use the "http2" directive instead in /etc/nginx/sites-enabled/diet.conf:39
2026/02/02 22:08:50 [warn] 1#1: the "listen ... http2" directive is deprecated, use the "http2" directive instead in /etc/nginx/sites-enabled/geo.conf:26
2026/02/02 22:08:50 [warn] 1#1: the "listen ... http2" directive is deprecated, use the "http2" directive instead in /etc/nginx/sites-enabled/geo.conf:37
2026/02/02 22:08:50 [emerg] 1#1: host not found in upstream "diet_frontend" in /etc/nginx/sites-enabled/diet.conf:63
2026/02/02 22:08:52 [warn] 1#1: the "listen ... http2" directive is deprecated, use the "http2" directive instead in /etc/nginx/sites-enabled/diet.conf:28
2026/02/02 22:08:52 [warn] 1#1: the "listen ... http2" directive is deprecated, use the "http2" directive instead in /etc/nginx/sites-enabled/diet.conf:39
2026/02/02 22:08:52 [warn] 1#1: the "listen ... http2" directive is deprecated, use the "http2" directive instead in /etc/nginx/sites-enabled/geo.conf:26
2026/02/02 22:08:52 [warn] 1#1: the "listen ... http2" directive is deprecated, use the "http2" directive instead in /etc/nginx/sites-enabled/geo.conf:37
2026/02/02 22:08:52 [emerg] 1#1: host not found in upstream "diet_frontend" in /etc/nginx/sites-enabled/diet.conf:63
2026/02/02 22:08:56 [warn] 1#1: the "listen ... http2" directive is deprecated, use the "http2" directive instead in /etc/nginx/sites-enabled/diet.conf:28
2026/02/02 22:08:56 [warn] 1#1: the "listen ... http2" directive is deprecated, use the "http2" directive instead in /etc/nginx/sites-enabled/diet.conf:39
2026/02/02 22:08:56 [warn] 1#1: the "listen ... http2" directive is deprecated, use the "http2" directive instead in /etc/nginx/sites-enabled/geo.conf:26
2026/02/02 22:08:56 [warn] 1#1: the "listen ... http2" directive is deprecated, use the "http2" directive instead in /etc/nginx/sites-enabled/geo.conf:37
2026/02/02 22:08:56 [emerg] 1#1: host not found in upstream "diet_frontend" in /etc/nginx/sites-enabled/diet.conf:63
2026/02/02 22:09:02 [warn] 1#1: the "listen ... http2" directive is deprecated, use the "http2" directive instead in /etc/nginx/sites-enabled/diet.conf:28
2026/02/02 22:09:02 [warn] 1#1: the "listen ... http2" directive is deprecated, use the "http2" directive instead in /etc/nginx/sites-enabled/diet.conf:39
2026/02/02 22:09:02 [warn] 1#1: the "listen ... http2" directive is deprecated, use the "http2" directive instead in /etc/nginx/sites-enabled/geo.conf:26
2026/02/02 22:09:02 [warn] 1#1: the "listen ... http2" directive is deprecated, use the "http2" directive instead in /etc/nginx/sites-enabled/geo.conf:37
2026/02/02 22:09:02 [emerg] 1#1: host not found in upstream "diet_frontend" in /etc/nginx/sites-enabled/diet.conf:63
2026/02/02 22:09:15 [warn] 1#1: the "listen ... http2" directive is deprecated, use the "http2" directive instead in /etc/nginx/sites-enabled/diet.conf:28
2026/02/02 22:09:15 [warn] 1#1: the "listen ... http2" directive is deprecated, use the "http2" directive instead in /etc/nginx/sites-enabled/diet.conf:39
2026/02/02 22:09:15 [warn] 1#1: the "listen ... http2" directive is deprecated, use the "http2" directive instead in /etc/nginx/sites-enabled/geo.conf:26
2026/02/02 22:09:15 [warn] 1#1: the "listen ... http2" directive is deprecated, use the "http2" directive instead in /etc/nginx/sites-enabled/geo.conf:37
2026/02/02 22:09:15 [emerg] 1#1: host not found in upstream "diet_frontend" in /etc/nginx/sites-enabled/diet.conf:63
2026/02/02 22:09:41 [warn] 1#1: the "listen ... http2" directive is deprecated, use the "http2" directive instead in /etc/nginx/sites-enabled/diet.conf:28
2026/02/02 22:09:41 [warn] 1#1: the "listen ... http2" directive is deprecated, use the "http2" directive instead in /etc/nginx/sites-enabled/diet.conf:39
2026/02/02 22:09:41 [warn] 1#1: the "listen ... http2" directive is deprecated, use the "http2" directive instead in /etc/nginx/sites-enabled/geo.conf:26
2026/02/02 22:09:41 [warn] 1#1: the "listen ... http2" directive is deprecated, use the "http2" directive instead in /etc/nginx/sites-enabled/geo.conf:37
2026/02/02 22:09:41 [emerg] 1#1: host not found in upstream "diet_frontend" in /etc/nginx/sites-enabled/diet.conf:63
2026/02/02 22:10:32 [warn] 1#1: the "listen ... http2" directive is deprecated, use the "http2" directive instead in /etc/nginx/sites-enabled/diet.conf:28
2026/02/02 22:10:32 [warn] 1#1: the "listen ... http2" directive is deprecated, use the "http2" directive instead in /etc/nginx/sites-enabled/diet.conf:39
2026/02/02 22:10:32 [warn] 1#1: the "listen ... http2" directive is deprecated, use the "http2" directive instead in /etc/nginx/sites-enabled/geo.conf:26
2026/02/02 22:10:32 [warn] 1#1: the "listen ... http2" directive is deprecated, use the "http2" directive instead in /etc/nginx/sites-enabled/geo.conf:37
2026/02/02 22:10:32 [emerg] 1#1: host not found in upstream "diet_frontend" in /etc/nginx/sites-enabled/diet.conf:63
2026/02/02 22:11:32 [warn] 1#1: the "listen ... http2" directive is deprecated, use the "http2" directive instead in /etc/nginx/sites-enabled/diet.conf:28
2026/02/02 22:11:32 [warn] 1#1: the "listen ... http2" directive is deprecated, use the "http2" directive instead in /etc/nginx/sites-enabled/diet.conf:39
2026/02/02 22:11:32 [warn] 1#1: the "listen ... http2" directive is deprecated, use the "http2" directive instead in /etc/nginx/sites-enabled/geo.conf:26
2026/02/02 22:11:32 [warn] 1#1: the "listen ... http2" directive is deprecated, use the "http2" directive instead in /etc/nginx/sites-enabled/geo.conf:37
2026/02/02 22:11:32 [emerg] 1#1: host not found in upstream "diet_frontend" in /etc/nginx/sites-enabled/diet.conf:63
2026/03/02 18:12:01 [warn] 1#1: the "listen ... http2" directive is deprecated, use the "http2" directive instead in /etc/nginx/sites-enabled/diet.conf:28
2026/03/02 18:12:01 [warn] 1#1: the "listen ... http2" directive is deprecated, use the "http2" directive instead in /etc/nginx/sites-enabled/diet.conf:39
2026/03/02 18:12:01 [warn] 1#1: the "listen ... http2" directive is deprecated, use the "http2" directive instead in /etc/nginx/sites-enabled/geo.conf:26
2026/03/02 18:12:01 [warn] 1#1: the "listen ... http2" directive is deprecated, use the "http2" directive instead in /etc/nginx/sites-enabled/geo.conf:37
2026/03/02 18:12:01 [emerg] 1#1: host not found in upstream "diet_frontend" in /etc/nginx/sites-enabled/diet.conf:63
2026/03/02 18:12:01 [warn] 1#1: the "listen ... http2" directive is deprecated, use the "http2" directive instead in /etc/nginx/sites-enabled/diet.conf:28
2026/03/02 18:12:01 [warn] 1#1: the "listen ... http2" directive is deprecated, use the "http2" directive instead in /etc/nginx/sites-enabled/diet.conf:39
2026/03/02 18:12:01 [warn] 1#1: the "listen ... http2" directive is deprecated, use the "http2" directive instead in /etc/nginx/sites-enabled/geo.conf:26
2026/03/02 18:12:01 [warn] 1#1: the "listen ... http2" directive is deprecated, use the "http2" directive instead in /etc/nginx/sites-enabled/geo.conf:37
2026/03/02 18:12:01 [emerg] 1#1: host not found in upstream "diet_frontend" in /etc/nginx/sites-enabled/diet.conf:63
2026/03/02 18:12:02 [warn] 1#1: the "listen ... http2" directive is deprecated, use the "http2" directive instead in /etc/nginx/sites-enabled/diet.conf:28
2026/03/02 18:12:02 [warn] 1#1: the "listen ... http2" directive is deprecated, use the "http2" directive instead in /etc/nginx/sites-enabled/diet.conf:39
2026/03/02 18:12:02 [warn] 1#1: the "listen ... http2" directive is deprecated, use the "http2" directive instead in /etc/nginx/sites-enabled/geo.conf:26
2026/03/02 18:12:02 [warn] 1#1: the "listen ... http2" directive is deprecated, use the "http2" directive instead in /etc/nginx/sites-enabled/geo.conf:37
2026/03/02 18:12:02 [emerg] 1#1: host not found in upstream "diet_frontend" in /etc/nginx/sites-enabled/diet.conf:63
2026/03/02 18:12:02 [warn] 1#1: the "listen ... http2" directive is deprecated, use the "http2" directive instead in /etc/nginx/sites-enabled/diet.conf:28
2026/03/02 18:12:02 [warn] 1#1: the "listen ... http2" directive is deprecated, use the "http2" directive instead in /etc/nginx/sites-enabled/diet.conf:39
2026/03/02 18:12:02 [warn] 1#1: the "listen ... http2" directive is deprecated, use the "http2" directive instead in /etc/nginx/sites-enabled/geo.conf:26
2026/03/02 18:12:02 [warn] 1#1: the "listen ... http2" directive is deprecated, use the "http2" directive instead in /etc/nginx/sites-enabled/geo.conf:37
2026/03/02 18:12:02 [emerg] 1#1: host not found in upstream "diet_frontend" in /etc/nginx/sites-enabled/diet.conf:63
2026/03/02 18:12:03 [warn] 1#1: the "listen ... http2" directive is deprecated, use the "http2" directive instead in /etc/nginx/sites-enabled/diet.conf:28
2026/03/02 18:12:03 [warn] 1#1: the "listen ... http2" directive is deprecated, use the "http2" directive instead in /etc/nginx/sites-enabled/diet.conf:39
2026/03/02 18:12:03 [warn] 1#1: the "listen ... http2" directive is deprecated, use the "http2" directive instead in /etc/nginx/sites-enabled/geo.conf:26
2026/03/02 18:12:03 [warn] 1#1: the "listen ... http2" directive is deprecated, use the "http2" directive instead in /etc/nginx/sites-enabled/geo.conf:37
2026/03/02 18:12:03 [emerg] 1#1: host not found in upstream "diet_frontend" in /etc/nginx/sites-enabled/diet.conf:63
2026/03/02 18:12:05 [warn] 1#1: the "listen ... http2" directive is deprecated, use the "http2" directive instead in /etc/nginx/sites-enabled/diet.conf:28
2026/03/02 18:12:05 [warn] 1#1: the "listen ... http2" directive is deprecated, use the "http2" directive instead in /etc/nginx/sites-enabled/diet.conf:39
2026/03/02 18:12:05 [warn] 1#1: the "listen ... http2" directive is deprecated, use the "http2" directive instead in /etc/nginx/sites-enabled/geo.conf:26
2026/03/02 18:12:05 [warn] 1#1: the "listen ... http2" directive is deprecated, use the "http2" directive instead in /etc/nginx/sites-enabled/geo.conf:37
2026/03/02 18:12:05 [emerg] 1#1: host not found in upstream "diet_frontend" in /etc/nginx/sites-enabled/diet.conf:63
2026/03/02 18:12:08 [warn] 1#1: the "listen ... http2" directive is deprecated, use the "http2" directive instead in /etc/nginx/sites-enabled/diet.conf:28
2026/03/02 18:12:08 [warn] 1#1: the "listen ... http2" directive is deprecated, use the "http2" directive instead in /etc/nginx/sites-enabled/diet.conf:39
2026/03/02 18:12:08 [warn] 1#1: the "listen ... http2" directive is deprecated, use the "http2" directive instead in /etc/nginx/sites-enabled/geo.conf:26
2026/03/02 18:12:08 [warn] 1#1: the "listen ... http2" directive is deprecated, use the "http2" directive instead in /etc/nginx/sites-enabled/geo.conf:37
2026/03/02 18:12:08 [emerg] 1#1: host not found in upstream "diet_frontend" in /etc/nginx/sites-enabled/diet.conf:63
2026/03/02 18:12:15 [warn] 1#1: the "listen ... http2" directive is deprecated, use the "http2" directive instead in /etc/nginx/sites-enabled/diet.conf:28
2026/03/02 18:12:15 [warn] 1#1: the "listen ... http2" directive is deprecated, use the "http2" directive instead in /etc/nginx/sites-enabled/diet.conf:39
2026/03/02 18:12:15 [warn] 1#1: the "listen ... http2" directive is deprecated, use the "http2" directive instead in /etc/nginx/sites-enabled/geo.conf:26
2026/03/02 18:12:15 [warn] 1#1: the "listen ... http2" directive is deprecated, use the "http2" directive instead in /etc/nginx/sites-enabled/geo.conf:37
2026/03/02 18:12:15 [emerg] 1#1: host not found in upstream "diet_frontend" in /etc/nginx/sites-enabled/diet.conf:63
2026/03/02 18:12:28 [warn] 1#1: the "listen ... http2" directive is deprecated, use the "http2" directive instead in /etc/nginx/sites-enabled/diet.conf:28
2026/03/02 18:12:28 [warn] 1#1: the "listen ... http2" directive is deprecated, use the "http2" directive instead in /etc/nginx/sites-enabled/diet.conf:39
2026/03/02 18:12:28 [warn] 1#1: the "listen ... http2" directive is deprecated, use the "http2" directive instead in /etc/nginx/sites-enabled/geo.conf:26
2026/03/02 18:12:28 [warn] 1#1: the "listen ... http2" directive is deprecated, use the "http2" directive instead in /etc/nginx/sites-enabled/geo.conf:37
2026/03/02 18:12:28 [emerg] 1#1: host not found in upstream "diet_frontend" in /etc/nginx/sites-enabled/diet.conf:63
2026/03/02 18:12:53 [warn] 1#1: the "listen ... http2" directive is deprecated, use the "http2" directive instead in /etc/nginx/sites-enabled/diet.conf:28
2026/03/02 18:12:53 [warn] 1#1: the "listen ... http2" directive is deprecated, use the "http2" directive instead in /etc/nginx/sites-enabled/diet.conf:39
2026/03/02 18:12:53 [warn] 1#1: the "listen ... http2" directive is deprecated, use the "http2" directive instead in /etc/nginx/sites-enabled/geo.conf:26
2026/03/02 18:12:53 [warn] 1#1: the "listen ... http2" directive is deprecated, use the "http2" directive instead in /etc/nginx/sites-enabled/geo.conf:37
2026/03/02 18:12:53 [emerg] 1#1: host not found in upstream "diet_frontend" in /etc/nginx/sites-enabled/diet.conf:63
2026/03/02 18:13:35 [warn] 1#1: the "listen ... http2" directive is deprecated, use the "http2" directive instead in /etc/nginx/sites-enabled/diet.conf:28
2026/03/02 18:13:35 [warn] 1#1: the "listen ... http2" directive is deprecated, use the "http2" directive instead in /etc/nginx/sites-enabled/diet.conf:39
2026/03/02 18:13:35 [warn] 1#1: the "listen ... http2" directive is deprecated, use the "http2" directive instead in /etc/nginx/sites-enabled/geo.conf:26
2026/03/02 18:13:35 [warn] 1#1: the "listen ... http2" directive is deprecated, use the "http2" directive instead in /etc/nginx/sites-enabled/geo.conf:37
2026/03/02 18:13:35 [emerg] 1#1: host not found in upstream "diet_frontend" in /etc/nginx/sites-enabled/diet.conf:63
2026/03/02 18:13:35 [warn] 1#1: the "listen ... http2" directive is deprecated, use the "http2" directive instead in /etc/nginx/sites-enabled/diet.conf:28
2026/03/02 18:13:35 [warn] 1#1: the "listen ... http2" directive is deprecated, use the "http2" directive instead in /etc/nginx/sites-enabled/diet.conf:39
2026/03/02 18:13:35 [warn] 1#1: the "listen ... http2" directive is deprecated, use the "http2" directive instead in /etc/nginx/sites-enabled/geo.conf:26
2026/03/02 18:13:35 [warn] 1#1: the "listen ... http2" directive is deprecated, use the "http2" directive instead in /etc/nginx/sites-enabled/geo.conf:37
2026/03/02 18:13:35 [emerg] 1#1: host not found in upstream "diet_frontend" in /etc/nginx/sites-enabled/diet.conf:63
2026/03/02 18:13:35 [warn] 1#1: the "listen ... http2" directive is deprecated, use the "http2" directive instead in /etc/nginx/sites-enabled/diet.conf:28
2026/03/02 18:13:35 [warn] 1#1: the "listen ... http2" directive is deprecated, use the "http2" directive instead in /etc/nginx/sites-enabled/diet.conf:39
2026/03/02 18:13:35 [warn] 1#1: the "listen ... http2" directive is deprecated, use the "http2" directive instead in /etc/nginx/sites-enabled/geo.conf:26
2026/03/02 18:13:35 [warn] 1#1: the "listen ... http2" directive is deprecated, use the "http2" directive instead in /etc/nginx/sites-enabled/geo.conf:37
2026/03/02 18:13:35 [emerg] 1#1: host not found in upstream "diet_frontend" in /etc/nginx/sites-enabled/diet.conf:63
2026/03/02 18:13:36 [warn] 1#1: the "listen ... http2" directive is deprecated, use the "http2" directive instead in /etc/nginx/sites-enabled/diet.conf:28
2026/03/02 18:13:36 [warn] 1#1: the "listen ... http2" directive is deprecated, use the "http2" directive instead in /etc/nginx/sites-enabled/diet.conf:39
2026/03/02 18:13:36 [warn] 1#1: the "listen ... http2" directive is deprecated, use the "http2" directive instead in /etc/nginx/sites-enabled/geo.conf:26
2026/03/02 18:13:36 [warn] 1#1: the "listen ... http2" directive is deprecated, use the "http2" directive instead in /etc/nginx/sites-enabled/geo.conf:37
2026/03/02 18:13:36 [emerg] 1#1: host not found in upstream "diet_frontend" in /etc/nginx/sites-enabled/diet.conf:63
2026/03/02 18:13:37 [warn] 1#1: the "listen ... http2" directive is deprecated, use the "http2" directive instead in /etc/nginx/sites-enabled/diet.conf:28
2026/03/02 18:13:37 [warn] 1#1: the "listen ... http2" directive is deprecated, use the "http2" directive instead in /etc/nginx/sites-enabled/diet.conf:39
2026/03/02 18:13:37 [warn] 1#1: the "listen ... http2" directive is deprecated, use the "http2" directive instead in /etc/nginx/sites-enabled/geo.conf:26
2026/03/02 18:13:37 [warn] 1#1: the "listen ... http2" directive is deprecated, use the "http2" directive instead in /etc/nginx/sites-enabled/geo.conf:37
2026/03/02 18:13:37 [emerg] 1#1: host not found in upstream "diet_frontend" in /etc/nginx/sites-enabled/diet.conf:63
2026/03/02 18:13:38 [warn] 1#1: the "listen ... http2" directive is deprecated, use the "http2" directive instead in /etc/nginx/sites-enabled/diet.conf:28
2026/03/02 18:13:38 [warn] 1#1: the "listen ... http2" directive is deprecated, use the "http2" directive instead in /etc/nginx/sites-enabled/diet.conf:39
2026/03/02 18:13:38 [warn] 1#1: the "listen ... http2" directive is deprecated, use the "http2" directive instead in /etc/nginx/sites-enabled/geo.conf:26
2026/03/02 18:13:38 [warn] 1#1: the "listen ... http2" directive is deprecated, use the "http2" directive instead in /etc/nginx/sites-enabled/geo.conf:37
2026/03/02 18:13:38 [emerg] 1#1: host not found in upstream "diet_frontend" in /etc/nginx/sites-enabled/diet.conf:63
2026/03/02 18:13:42 [warn] 1#1: the "listen ... http2" directive is deprecated, use the "http2" directive instead in /etc/nginx/sites-enabled/diet.conf:28
2026/03/02 18:13:42 [warn] 1#1: the "listen ... http2" directive is deprecated, use the "http2" directive instead in /etc/nginx/sites-enabled/diet.conf:39
2026/03/02 18:13:42 [warn] 1#1: the "listen ... http2" directive is deprecated, use the "http2" directive instead in /etc/nginx/sites-enabled/geo.conf:26
2026/03/02 18:13:42 [warn] 1#1: the "listen ... http2" directive is deprecated, use the "http2" directive instead in /etc/nginx/sites-enabled/geo.conf:37
2026/03/02 18:13:42 [emerg] 1#1: host not found in upstream "diet_frontend" in /etc/nginx/sites-enabled/diet.conf:63
2026/03/02 18:13:48 [warn] 1#1: the "listen ... http2" directive is deprecated, use the "http2" directive instead in /etc/nginx/sites-enabled/diet.conf:28
2026/03/02 18:13:48 [warn] 1#1: the "listen ... http2" directive is deprecated, use the "http2" directive instead in /etc/nginx/sites-enabled/diet.conf:39
2026/03/02 18:13:48 [warn] 1#1: the "listen ... http2" directive is deprecated, use the "http2" directive instead in /etc/nginx/sites-enabled/geo.conf:26
2026/03/02 18:13:48 [warn] 1#1: the "listen ... http2" directive is deprecated, use the "http2" directive instead in /etc/nginx/sites-enabled/geo.conf:37
2026/03/02 18:13:48 [emerg] 1#1: host not found in upstream "diet_frontend" in /etc/nginx/sites-enabled/diet.conf:63
2026/03/02 18:14:01 [warn] 1#1: the "listen ... http2" directive is deprecated, use the "http2" directive instead in /etc/nginx/sites-enabled/diet.conf:28
2026/03/02 18:14:01 [warn] 1#1: the "listen ... http2" directive is deprecated, use the "http2" directive instead in /etc/nginx/sites-enabled/diet.conf:39
2026/03/02 18:14:01 [warn] 1#1: the "listen ... http2" directive is deprecated, use the "http2" directive instead in /etc/nginx/sites-enabled/geo.conf:26
2026/03/02 18:14:01 [warn] 1#1: the "listen ... http2" directive is deprecated, use the "http2" directive instead in /etc/nginx/sites-enabled/geo.conf:37
2026/03/02 18:14:01 [emerg] 1#1: host not found in upstream "diet_frontend" in /etc/nginx/sites-enabled/diet.conf:63
2026/03/02 18:14:27 [warn] 1#1: the "listen ... http2" directive is deprecated, use the "http2" directive instead in /etc/nginx/sites-enabled/diet.conf:28
2026/03/02 18:14:27 [warn] 1#1: the "listen ... http2" directive is deprecated, use the "http2" directive instead in /etc/nginx/sites-enabled/diet.conf:39
2026/03/02 18:14:27 [warn] 1#1: the "listen ... http2" directive is deprecated, use the "http2" directive instead in /etc/nginx/sites-enabled/geo.conf:26
2026/03/02 18:14:27 [warn] 1#1: the "listen ... http2" directive is deprecated, use the "http2" directive instead in /etc/nginx/sites-enabled/geo.conf:37
2026/03/02 18:14:27 [emerg] 1#1: host not found in upstream "diet_frontend" in /etc/nginx/sites-enabled/diet.conf:63
2026/03/02 18:15:18 [warn] 1#1: the "listen ... http2" directive is deprecated, use the "http2" directive instead in /etc/nginx/sites-enabled/diet.conf:28
2026/03/02 18:15:18 [warn] 1#1: the "listen ... http2" directive is deprecated, use the "http2" directive instead in /etc/nginx/sites-enabled/diet.conf:39
2026/03/02 18:15:18 [warn] 1#1: the "listen ... http2" directive is deprecated, use the "http2" directive instead in /etc/nginx/sites-enabled/geo.conf:26
2026/03/02 18:15:18 [warn] 1#1: the "listen ... http2" directive is deprecated, use the "http2" directive instead in /etc/nginx/sites-enabled/geo.conf:37
2026/03/02 18:15:18 [emerg] 1#1: host not found in upstream "diet_frontend" in /etc/nginx/sites-enabled/diet.conf:63
2026/03/02 18:16:19 [warn] 1#1: the "listen ... http2" directive is deprecated, use the "http2" directive instead in /etc/nginx/sites-enabled/diet.conf:28
2026/03/02 18:16:19 [warn] 1#1: the "listen ... http2" directive is deprecated, use the "http2" directive instead in /etc/nginx/sites-enabled/diet.conf:39
2026/03/02 18:16:19 [warn] 1#1: the "listen ... http2" directive is deprecated, use the "http2" directive instead in /etc/nginx/sites-enabled/geo.conf:26
2026/03/02 18:16:19 [warn] 1#1: the "listen ... http2" directive is deprecated, use the "http2" directive instead in /etc/nginx/sites-enabled/geo.conf:37
2026/03/02 18:16:19 [emerg] 1#1: host not found in upstream "diet_frontend" in /etc/nginx/sites-enabled/diet.conf:63
2026/03/02 18:17:19 [warn] 1#1: the "listen ... http2" directive is deprecated, use the "http2" directive instead in /etc/nginx/sites-enabled/diet.conf:28
2026/03/02 18:17:19 [warn] 1#1: the "listen ... http2" directive is deprecated, use the "http2" directive instead in /etc/nginx/sites-enabled/diet.conf:39
2026/03/02 18:17:19 [warn] 1#1: the "listen ... http2" directive is deprecated, use the "http2" directive instead in /etc/nginx/sites-enabled/geo.conf:26
2026/03/02 18:17:19 [warn] 1#1: the "listen ... http2" directive is deprecated, use the "http2" directive instead in /etc/nginx/sites-enabled/geo.conf:37
2026/03/02 18:17:19 [emerg] 1#1: host not found in upstream "diet_frontend" in /etc/nginx/sites-enabled/diet.conf:63
2026/03/02 18:18:19 [warn] 1#1: the "listen ... http2" directive is deprecated, use the "http2" directive instead in /etc/nginx/sites-enabled/diet.conf:28
2026/03/02 18:18:19 [warn] 1#1: the "listen ... http2" directive is deprecated, use the "http2" directive instead in /etc/nginx/sites-enabled/diet.conf:39
2026/03/02 18:18:19 [warn] 1#1: the "listen ... http2" directive is deprecated, use the "http2" directive instead in /etc/nginx/sites-enabled/geo.conf:26
2026/03/02 18:18:19 [warn] 1#1: the "listen ... http2" directive is deprecated, use the "http2" directive instead in /etc/nginx/sites-enabled/geo.conf:37
2026/03/02 18:18:19 [emerg] 1#1: host not found in upstream "diet_frontend" in /etc/nginx/sites-enabled/diet.conf:63
2026/03/02 18:19:19 [warn] 1#1: the "listen ... http2" directive is deprecated, use the "http2" directive instead in /etc/nginx/sites-enabled/diet.conf:28
2026/03/02 18:19:19 [warn] 1#1: the "listen ... http2" directive is deprecated, use the "http2" directive instead in /etc/nginx/sites-enabled/diet.conf:39
2026/03/02 18:19:19 [warn] 1#1: the "listen ... http2" directive is deprecated, use the "http2" directive instead in /etc/nginx/sites-enabled/geo.conf:26
2026/03/02 18:19:19 [warn] 1#1: the "listen ... http2" directive is deprecated, use the "http2" directive instead in /etc/nginx/sites-enabled/geo.conf:37
2026/03/02 18:19:19 [emerg] 1#1: host not found in upstream "diet_frontend" in /etc/nginx/sites-enabled/diet.conf:63
2026/03/02 18:20:19 [warn] 1#1: the "listen ... http2" directive is deprecated, use the "http2" directive instead in /etc/nginx/sites-enabled/diet.conf:28
2026/03/02 18:20:19 [warn] 1#1: the "listen ... http2" directive is deprecated, use the "http2" directive instead in /etc/nginx/sites-enabled/diet.conf:39
2026/03/02 18:20:19 [warn] 1#1: the "listen ... http2" directive is deprecated, use the "http2" directive instead in /etc/nginx/sites-enabled/geo.conf:26
2026/03/02 18:20:19 [warn] 1#1: the "listen ... http2" directive is deprecated, use the "http2" directive instead in /etc/nginx/sites-enabled/geo.conf:37
2026/03/02 18:20:19 [emerg] 1#1: host not found in upstream "diet_frontend" in /etc/nginx/sites-enabled/diet.conf:63
2026/03/02 18:21:19 [warn] 1#1: the "listen ... http2" directive is deprecated, use the "http2" directive instead in /etc/nginx/sites-enabled/diet.conf:28
2026/03/02 18:21:19 [warn] 1#1: the "listen ... http2" directive is deprecated, use the "http2" directive instead in /etc/nginx/sites-enabled/diet.conf:39
2026/03/02 18:21:19 [warn] 1#1: the "listen ... http2" directive is deprecated, use the "http2" directive instead in /etc/nginx/sites-enabled/geo.conf:26
2026/03/02 18:21:19 [warn] 1#1: the "listen ... http2" directive is deprecated, use the "http2" directive instead in /etc/nginx/sites-enabled/geo.conf:37
2026/03/02 18:21:19 [emerg] 1#1: host not found in upstream "diet_frontend" in /etc/nginx/sites-enabled/diet.conf:63
2026/03/02 18:22:20 [warn] 1#1: the "listen ... http2" directive is deprecated, use the "http2" directive instead in /etc/nginx/sites-enabled/diet.conf:28
2026/03/02 18:22:20 [warn] 1#1: the "listen ... http2" directive is deprecated, use the "http2" directive instead in /etc/nginx/sites-enabled/diet.conf:39
2026/03/02 18:22:20 [warn] 1#1: the "listen ... http2" directive is deprecated, use the "http2" directive instead in /etc/nginx/sites-enabled/geo.conf:26
2026/03/02 18:22:20 [warn] 1#1: the "listen ... http2" directive is deprecated, use the "http2" directive instead in /etc/nginx/sites-enabled/geo.conf:37
2026/03/02 18:22:20 [emerg] 1#1: host not found in upstream "diet_frontend" in /etc/nginx/sites-enabled/diet.conf:63
2026/03/02 18:23:20 [warn] 1#1: the "listen ... http2" directive is deprecated, use the "http2" directive instead in /etc/nginx/sites-enabled/diet.conf:28
2026/03/02 18:23:20 [warn] 1#1: the "listen ... http2" directive is deprecated, use the "http2" directive instead in /etc/nginx/sites-enabled/diet.conf:39
2026/03/02 18:23:20 [warn] 1#1: the "listen ... http2" directive is deprecated, use the "http2" directive instead in /etc/nginx/sites-enabled/geo.conf:26
2026/03/02 18:23:20 [warn] 1#1: the "listen ... http2" directive is deprecated, use the "http2" directive instead in /etc/nginx/sites-enabled/geo.conf:37
2026/03/02 18:23:20 [emerg] 1#1: host not found in upstream "diet_frontend" in /etc/nginx/sites-enabled/diet.conf:63
2026/03/02 18:24:20 [warn] 1#1: the "listen ... http2" directive is deprecated, use the "http2" directive instead in /etc/nginx/sites-enabled/diet.conf:28
2026/03/02 18:24:20 [warn] 1#1: the "listen ... http2" directive is deprecated, use the "http2" directive instead in /etc/nginx/sites-enabled/diet.conf:39
2026/03/02 18:24:20 [warn] 1#1: the "listen ... http2" directive is deprecated, use the "http2" directive instead in /etc/nginx/sites-enabled/geo.conf:26
2026/03/02 18:24:20 [warn] 1#1: the "listen ... http2" directive is deprecated, use the "http2" directive instead in /etc/nginx/sites-enabled/geo.conf:37
2026/03/02 18:24:20 [emerg] 1#1: host not found in upstream "diet_frontend" in /etc/nginx/sites-enabled/diet.conf:63
2026/03/02 18:25:20 [warn] 1#1: the "listen ... http2" directive is deprecated, use the "http2" directive instead in /etc/nginx/sites-enabled/diet.conf:28
2026/03/02 18:25:20 [warn] 1#1: the "listen ... http2" directive is deprecated, use the "http2" directive instead in /etc/nginx/sites-enabled/diet.conf:39
2026/03/02 18:25:20 [warn] 1#1: the "listen ... http2" directive is deprecated, use the "http2" directive instead in /etc/nginx/sites-enabled/geo.conf:26
2026/03/02 18:25:20 [warn] 1#1: the "listen ... http2" directive is deprecated, use the "http2" directive instead in /etc/nginx/sites-enabled/geo.conf:37
2026/03/02 18:25:20 [emerg] 1#1: host not found in upstream "diet_frontend" in /etc/nginx/sites-enabled/diet.conf:63
2026/03/02 18:26:20 [warn] 1#1: the "listen ... http2" directive is deprecated, use the "http2" directive instead in /etc/nginx/sites-enabled/diet.conf:28
2026/03/02 18:26:20 [warn] 1#1: the "listen ... http2" directive is deprecated, use the "http2" directive instead in /etc/nginx/sites-enabled/diet.conf:39
2026/03/02 18:26:20 [warn] 1#1: the "listen ... http2" directive is deprecated, use the "http2" directive instead in /etc/nginx/sites-enabled/geo.conf:26
2026/03/02 18:26:20 [warn] 1#1: the "listen ... http2" directive is deprecated, use the "http2" directive instead in /etc/nginx/sites-enabled/geo.conf:37
2026/03/02 18:26:20 [emerg] 1#1: host not found in upstream "diet_frontend" in /etc/nginx/sites-enabled/diet.conf:63
2026/03/02 18:27:20 [warn] 1#1: the "listen ... http2" directive is deprecated, use the "http2" directive instead in /etc/nginx/sites-enabled/diet.conf:28
2026/03/02 18:27:20 [warn] 1#1: the "listen ... http2" directive is deprecated, use the "http2" directive instead in /etc/nginx/sites-enabled/diet.conf:39
2026/03/02 18:27:20 [warn] 1#1: the "listen ... http2" directive is deprecated, use the "http2" directive instead in /etc/nginx/sites-enabled/geo.conf:26
2026/03/02 18:27:20 [warn] 1#1: the "listen ... http2" directive is deprecated, use the "http2" directive instead in /etc/nginx/sites-enabled/geo.conf:37
2026/03/02 18:27:20 [emerg] 1#1: host not found in upstream "diet_frontend" in /etc/nginx/sites-enabled/diet.conf:63
2026/03/02 18:28:20 [warn] 1#1: the "listen ... http2" directive is deprecated, use the "http2" directive instead in /etc/nginx/sites-enabled/diet.conf:28
2026/03/02 18:28:20 [warn] 1#1: the "listen ... http2" directive is deprecated, use the "http2" directive instead in /etc/nginx/sites-enabled/diet.conf:39
2026/03/02 18:28:20 [warn] 1#1: the "listen ... http2" directive is deprecated, use the "http2" directive instead in /etc/nginx/sites-enabled/geo.conf:26
2026/03/02 18:28:20 [warn] 1#1: the "listen ... http2" directive is deprecated, use the "http2" directive instead in /etc/nginx/sites-enabled/geo.conf:37
2026/03/02 18:28:20 [emerg] 1#1: host not found in upstream "diet_frontend" in /etc/nginx/sites-enabled/diet.conf:63
2026/03/02 18:29:21 [warn] 1#1: the "listen ... http2" directive is deprecated, use the "http2" directive instead in /etc/nginx/sites-enabled/diet.conf:28
2026/03/02 18:29:21 [warn] 1#1: the "listen ... http2" directive is deprecated, use the "http2" directive instead in /etc/nginx/sites-enabled/diet.conf:39
2026/03/02 18:29:21 [warn] 1#1: the "listen ... http2" directive is deprecated, use the "http2" directive instead in /etc/nginx/sites-enabled/geo.conf:26
2026/03/02 18:29:21 [warn] 1#1: the "listen ... http2" directive is deprecated, use the "http2" directive instead in /etc/nginx/sites-enabled/geo.conf:37
2026/03/02 18:29:21 [emerg] 1#1: host not found in upstream "diet_frontend" in /etc/nginx/sites-enabled/diet.conf:63
2026/03/02 18:30:21 [warn] 1#1: the "listen ... http2" directive is deprecated, use the "http2" directive instead in /etc/nginx/sites-enabled/diet.conf:28
2026/03/02 18:30:21 [warn] 1#1: the "listen ... http2" directive is deprecated, use the "http2" directive instead in /etc/nginx/sites-enabled/diet.conf:39
2026/03/02 18:30:21 [warn] 1#1: the "listen ... http2" directive is deprecated, use the "http2" directive instead in /etc/nginx/sites-enabled/geo.conf:26
2026/03/02 18:30:21 [warn] 1#1: the "listen ... http2" directive is deprecated, use the "http2" directive instead in /etc/nginx/sites-enabled/geo.conf:37
2026/03/02 18:30:21 [emerg] 1#1: host not found in upstream "diet_frontend" in /etc/nginx/sites-enabled/diet.conf:63
2026/03/02 18:31:21 [warn] 1#1: the "listen ... http2" directive is deprecated, use the "http2" directive instead in /etc/nginx/sites-enabled/diet.conf:28
2026/03/02 18:31:21 [warn] 1#1: the "listen ... http2" directive is deprecated, use the "http2" directive instead in /etc/nginx/sites-enabled/diet.conf:39
2026/03/02 18:31:21 [warn] 1#1: the "listen ... http2" directive is deprecated, use the "http2" directive instead in /etc/nginx/sites-enabled/geo.conf:26
2026/03/02 18:31:21 [warn] 1#1: the "listen ... http2" directive is deprecated, use the "http2" directive instead in /etc/nginx/sites-enabled/geo.conf:37
2026/03/02 18:31:21 [emerg] 1#1: host not found in upstream "diet_frontend" in /etc/nginx/sites-enabled/diet.conf:63
2026/03/02 18:32:21 [warn] 1#1: the "listen ... http2" directive is deprecated, use the "http2" directive instead in /etc/nginx/sites-enabled/diet.conf:28
2026/03/02 18:32:21 [warn] 1#1: the "listen ... http2" directive is deprecated, use the "http2" directive instead in /etc/nginx/sites-enabled/diet.conf:39
2026/03/02 18:32:21 [warn] 1#1: the "listen ... http2" directive is deprecated, use the "http2" directive instead in /etc/nginx/sites-enabled/geo.conf:26
2026/03/02 18:32:21 [warn] 1#1: the "listen ... http2" directive is deprecated, use the "http2" directive instead in /etc/nginx/sites-enabled/geo.conf:37
2026/03/02 18:32:21 [emerg] 1#1: host not found in upstream "diet_frontend" in /etc/nginx/sites-enabled/diet.conf:63
2026/03/02 18:33:21 [warn] 1#1: the "listen ... http2" directive is deprecated, use the "http2" directive instead in /etc/nginx/sites-enabled/diet.conf:28
2026/03/02 18:33:21 [warn] 1#1: the "listen ... http2" directive is deprecated, use the "http2" directive instead in /etc/nginx/sites-enabled/diet.conf:39
2026/03/02 18:33:21 [warn] 1#1: the "listen ... http2" directive is deprecated, use the "http2" directive instead in /etc/nginx/sites-enabled/geo.conf:26
2026/03/02 18:33:21 [warn] 1#1: the "listen ... http2" directive is deprecated, use the "http2" directive instead in /etc/nginx/sites-enabled/geo.conf:37
2026/03/02 18:33:21 [emerg] 1#1: host not found in upstream "diet_frontend" in /etc/nginx/sites-enabled/diet.conf:63
2026/03/02 18:34:21 [warn] 1#1: the "listen ... http2" directive is deprecated, use the "http2" directive instead in /etc/nginx/sites-enabled/diet.conf:28
2026/03/02 18:34:21 [warn] 1#1: the "listen ... http2" directive is deprecated, use the "http2" directive instead in /etc/nginx/sites-enabled/diet.conf:39
2026/03/02 18:34:21 [warn] 1#1: the "listen ... http2" directive is deprecated, use the "http2" directive instead in /etc/nginx/sites-enabled/geo.conf:26
2026/03/02 18:34:21 [warn] 1#1: the "listen ... http2" directive is deprecated, use the "http2" directive instead in /etc/nginx/sites-enabled/geo.conf:37
2026/03/02 18:34:21 [emerg] 1#1: host not found in upstream "diet_frontend" in /etc/nginx/sites-enabled/diet.conf:63
2026/03/02 18:35:22 [warn] 1#1: the "listen ... http2" directive is deprecated, use the "http2" directive instead in /etc/nginx/sites-enabled/diet.conf:28
2026/03/02 18:35:22 [warn] 1#1: the "listen ... http2" directive is deprecated, use the "http2" directive instead in /etc/nginx/sites-enabled/diet.conf:39
2026/03/02 18:35:22 [warn] 1#1: the "listen ... http2" directive is deprecated, use the "http2" directive instead in /etc/nginx/sites-enabled/geo.conf:26
2026/03/02 18:35:22 [warn] 1#1: the "listen ... http2" directive is deprecated, use the "http2" directive instead in /etc/nginx/sites-enabled/geo.conf:37
2026/03/02 18:35:22 [emerg] 1#1: host not found in upstream "diet_frontend" in /etc/nginx/sites-enabled/diet.conf:63
2026/03/02 18:36:22 [warn] 1#1: the "listen ... http2" directive is deprecated, use the "http2" directive instead in /etc/nginx/sites-enabled/diet.conf:28
2026/03/02 18:36:22 [warn] 1#1: the "listen ... http2" directive is deprecated, use the "http2" directive instead in /etc/nginx/sites-enabled/diet.conf:39
2026/03/02 18:36:22 [warn] 1#1: the "listen ... http2" directive is deprecated, use the "http2" directive instead in /etc/nginx/sites-enabled/geo.conf:26
2026/03/02 18:36:22 [warn] 1#1: the "listen ... http2" directive is deprecated, use the "http2" directive instead in /etc/nginx/sites-enabled/geo.conf:37
2026/03/02 18:36:22 [emerg] 1#1: host not found in upstream "diet_frontend" in /etc/nginx/sites-enabled/diet.conf:63
2026/03/02 18:37:22 [warn] 1#1: the "listen ... http2" directive is deprecated, use the "http2" directive instead in /etc/nginx/sites-enabled/diet.conf:28
2026/03/02 18:37:22 [warn] 1#1: the "listen ... http2" directive is deprecated, use the "http2" directive instead in /etc/nginx/sites-enabled/diet.conf:39
2026/03/02 18:37:22 [warn] 1#1: the "listen ... http2" directive is deprecated, use the "http2" directive instead in /etc/nginx/sites-enabled/geo.conf:26
2026/03/02 18:37:22 [warn] 1#1: the "listen ... http2" directive is deprecated, use the "http2" directive instead in /etc/nginx/sites-enabled/geo.conf:37
2026/03/02 18:37:22 [emerg] 1#1: host not found in upstream "diet_frontend" in /etc/nginx/sites-enabled/diet.conf:63
2026/03/02 18:38:22 [warn] 1#1: the "listen ... http2" directive is deprecated, use the "http2" directive instead in /etc/nginx/sites-enabled/diet.conf:28
2026/03/02 18:38:22 [warn] 1#1: the "listen ... http2" directive is deprecated, use the "http2" directive instead in /etc/nginx/sites-enabled/diet.conf:39
2026/03/02 18:38:22 [warn] 1#1: the "listen ... http2" directive is deprecated, use the "http2" directive instead in /etc/nginx/sites-enabled/geo.conf:26
2026/03/02 18:38:22 [warn] 1#1: the "listen ... http2" directive is deprecated, use the "http2" directive instead in /etc/nginx/sites-enabled/geo.conf:37
2026/03/02 18:38:22 [emerg] 1#1: host not found in upstream "diet_frontend" in /etc/nginx/sites-enabled/diet.conf:63
2026/03/02 18:39:22 [warn] 1#1: the "listen ... http2" directive is deprecated, use the "http2" directive instead in /etc/nginx/sites-enabled/diet.conf:28
2026/03/02 18:39:22 [warn] 1#1: the "listen ... http2" directive is deprecated, use the "http2" directive instead in /etc/nginx/sites-enabled/diet.conf:39
2026/03/02 18:39:22 [warn] 1#1: the "listen ... http2" directive is deprecated, use the "http2" directive instead in /etc/nginx/sites-enabled/geo.conf:26
2026/03/02 18:39:22 [warn] 1#1: the "listen ... http2" directive is deprecated, use the "http2" directive instead in /etc/nginx/sites-enabled/geo.conf:37
2026/03/02 18:39:22 [emerg] 1#1: host not found in upstream "diet_frontend" in /etc/nginx/sites-enabled/diet.conf:63
2026/03/02 18:40:22 [warn] 1#1: the "listen ... http2" directive is deprecated, use the "http2" directive instead in /etc/nginx/sites-enabled/diet.conf:28
2026/03/02 18:40:22 [warn] 1#1: the "listen ... http2" directive is deprecated, use the "http2" directive instead in /etc/nginx/sites-enabled/diet.conf:39
2026/03/02 18:40:22 [warn] 1#1: the "listen ... http2" directive is deprecated, use the "http2" directive instead in /etc/nginx/sites-enabled/geo.conf:26
2026/03/02 18:40:22 [warn] 1#1: the "listen ... http2" directive is deprecated, use the "http2" directive instead in /etc/nginx/sites-enabled/geo.conf:37
2026/03/02 18:40:22 [emerg] 1#1: host not found in upstream "diet_frontend" in /etc/nginx/sites-enabled/diet.conf:63
2026/03/02 18:41:23 [warn] 1#1: the "listen ... http2" directive is deprecated, use the "http2" directive instead in /etc/nginx/sites-enabled/diet.conf:28
2026/03/02 18:41:23 [warn] 1#1: the "listen ... http2" directive is deprecated, use the "http2" directive instead in /etc/nginx/sites-enabled/diet.conf:39
2026/03/02 18:41:23 [warn] 1#1: the "listen ... http2" directive is deprecated, use the "http2" directive instead in /etc/nginx/sites-enabled/geo.conf:26
2026/03/02 18:41:23 [warn] 1#1: the "listen ... http2" directive is deprecated, use the "http2" directive instead in /etc/nginx/sites-enabled/geo.conf:37
2026/03/02 18:41:23 [emerg] 1#1: host not found in upstream "diet_frontend" in /etc/nginx/sites-enabled/diet.conf:63
2026/03/02 18:42:23 [warn] 1#1: the "listen ... http2" directive is deprecated, use the "http2" directive instead in /etc/nginx/sites-enabled/diet.conf:28
2026/03/02 18:42:23 [warn] 1#1: the "listen ... http2" directive is deprecated, use the "http2" directive instead in /etc/nginx/sites-enabled/diet.conf:39
2026/03/02 18:42:23 [warn] 1#1: the "listen ... http2" directive is deprecated, use the "http2" directive instead in /etc/nginx/sites-enabled/geo.conf:26
2026/03/02 18:42:23 [warn] 1#1: the "listen ... http2" directive is deprecated, use the "http2" directive instead in /etc/nginx/sites-enabled/geo.conf:37
2026/03/02 18:42:23 [emerg] 1#1: host not found in upstream "diet_frontend" in /etc/nginx/sites-enabled/diet.conf:63
2026/03/02 18:43:23 [warn] 1#1: the "listen ... http2" directive is deprecated, use the "http2" directive instead in /etc/nginx/sites-enabled/diet.conf:28
2026/03/02 18:43:23 [warn] 1#1: the "listen ... http2" directive is deprecated, use the "http2" directive instead in /etc/nginx/sites-enabled/diet.conf:39
2026/03/02 18:43:23 [warn] 1#1: the "listen ... http2" directive is deprecated, use the "http2" directive instead in /etc/nginx/sites-enabled/geo.conf:26
2026/03/02 18:43:23 [warn] 1#1: the "listen ... http2" directive is deprecated, use the "http2" directive instead in /etc/nginx/sites-enabled/geo.conf:37
2026/03/02 18:43:23 [emerg] 1#1: host not found in upstream "diet_frontend" in /etc/nginx/sites-enabled/diet.conf:63
2026/03/02 18:44:23 [warn] 1#1: the "listen ... http2" directive is deprecated, use the "http2" directive instead in /etc/nginx/sites-enabled/diet.conf:28
2026/03/02 18:44:23 [warn] 1#1: the "listen ... http2" directive is deprecated, use the "http2" directive instead in /etc/nginx/sites-enabled/diet.conf:39
2026/03/02 18:44:23 [warn] 1#1: the "listen ... http2" directive is deprecated, use the "http2" directive instead in /etc/nginx/sites-enabled/geo.conf:26
2026/03/02 18:44:23 [warn] 1#1: the "listen ... http2" directive is deprecated, use the "http2" directive instead in /etc/nginx/sites-enabled/geo.conf:37
2026/03/02 18:44:23 [emerg] 1#1: host not found in upstream "diet_frontend" in /etc/nginx/sites-enabled/diet.conf:63
2026/03/02 18:45:23 [warn] 1#1: the "listen ... http2" directive is deprecated, use the "http2" directive instead in /etc/nginx/sites-enabled/diet.conf:28
2026/03/02 18:45:23 [warn] 1#1: the "listen ... http2" directive is deprecated, use the "http2" directive instead in /etc/nginx/sites-enabled/diet.conf:39
2026/03/02 18:45:23 [warn] 1#1: the "listen ... http2" directive is deprecated, use the "http2" directive instead in /etc/nginx/sites-enabled/geo.conf:26
2026/03/02 18:45:23 [warn] 1#1: the "listen ... http2" directive is deprecated, use the "http2" directive instead in /etc/nginx/sites-enabled/geo.conf:37
2026/03/02 18:45:23 [emerg] 1#1: host not found in upstream "diet_frontend" in /etc/nginx/sites-enabled/diet.conf:63
2026/03/02 18:46:23 [warn] 1#1: the "listen ... http2" directive is deprecated, use the "http2" directive instead in /etc/nginx/sites-enabled/diet.conf:28
2026/03/02 18:46:23 [warn] 1#1: the "listen ... http2" directive is deprecated, use the "http2" directive instead in /etc/nginx/sites-enabled/diet.conf:39
2026/03/02 18:46:23 [warn] 1#1: the "listen ... http2" directive is deprecated, use the "http2" directive instead in /etc/nginx/sites-enabled/geo.conf:26
2026/03/02 18:46:23 [warn] 1#1: the "listen ... http2" directive is deprecated, use the "http2" directive instead in /etc/nginx/sites-enabled/geo.conf:37
2026/03/02 18:46:23 [emerg] 1#1: host not found in upstream "diet_frontend" in /etc/nginx/sites-enabled/diet.conf:63
2026/03/02 18:47:24 [warn] 1#1: the "listen ... http2" directive is deprecated, use the "http2" directive instead in /etc/nginx/sites-enabled/diet.conf:28
2026/03/02 18:47:24 [warn] 1#1: the "listen ... http2" directive is deprecated, use the "http2" directive instead in /etc/nginx/sites-enabled/diet.conf:39
2026/03/02 18:47:24 [warn] 1#1: the "listen ... http2" directive is deprecated, use the "http2" directive instead in /etc/nginx/sites-enabled/geo.conf:26
2026/03/02 18:47:24 [warn] 1#1: the "listen ... http2" directive is deprecated, use the "http2" directive instead in /etc/nginx/sites-enabled/geo.conf:37
2026/03/02 18:47:24 [emerg] 1#1: host not found in upstream "diet_frontend" in /etc/nginx/sites-enabled/diet.conf:63
2026/03/02 18:48:24 [warn] 1#1: the "listen ... http2" directive is deprecated, use the "http2" directive instead in /etc/nginx/sites-enabled/diet.conf:28
2026/03/02 18:48:24 [warn] 1#1: the "listen ... http2" directive is deprecated, use the "http2" directive instead in /etc/nginx/sites-enabled/diet.conf:39
2026/03/02 18:48:24 [warn] 1#1: the "listen ... http2" directive is deprecated, use the "http2" directive instead in /etc/nginx/sites-enabled/geo.conf:26
2026/03/02 18:48:24 [warn] 1#1: the "listen ... http2" directive is deprecated, use the "http2" directive instead in /etc/nginx/sites-enabled/geo.conf:37
2026/03/02 18:48:24 [emerg] 1#1: host not found in upstream "diet_frontend" in /etc/nginx/sites-enabled/diet.conf:63
2026/03/02 18:49:24 [warn] 1#1: the "listen ... http2" directive is deprecated, use the "http2" directive instead in /etc/nginx/sites-enabled/diet.conf:28
2026/03/02 18:49:24 [warn] 1#1: the "listen ... http2" directive is deprecated, use the "http2" directive instead in /etc/nginx/sites-enabled/diet.conf:39
2026/03/02 18:49:24 [warn] 1#1: the "listen ... http2" directive is deprecated, use the "http2" directive instead in /etc/nginx/sites-enabled/geo.conf:26
2026/03/02 18:49:24 [warn] 1#1: the "listen ... http2" directive is deprecated, use the "http2" directive instead in /etc/nginx/sites-enabled/geo.conf:37
2026/03/02 18:49:24 [emerg] 1#1: host not found in upstream "diet_frontend" in /etc/nginx/sites-enabled/diet.conf:63
2026/03/02 18:50:24 [warn] 1#1: the "listen ... http2" directive is deprecated, use the "http2" directive instead in /etc/nginx/sites-enabled/diet.conf:28
2026/03/02 18:50:24 [warn] 1#1: the "listen ... http2" directive is deprecated, use the "http2" directive instead in /etc/nginx/sites-enabled/diet.conf:39
2026/03/02 18:50:24 [warn] 1#1: the "listen ... http2" directive is deprecated, use the "http2" directive instead in /etc/nginx/sites-enabled/geo.conf:26
2026/03/02 18:50:24 [warn] 1#1: the "listen ... http2" directive is deprecated, use the "http2" directive instead in /etc/nginx/sites-enabled/geo.conf:37
2026/03/02 18:50:24 [emerg] 1#1: host not found in upstream "diet_frontend" in /etc/nginx/sites-enabled/diet.conf:63
2026/03/02 18:51:24 [warn] 1#1: the "listen ... http2" directive is deprecated, use the "http2" directive instead in /etc/nginx/sites-enabled/diet.conf:28
2026/03/02 18:51:24 [warn] 1#1: the "listen ... http2" directive is deprecated, use the "http2" directive instead in /etc/nginx/sites-enabled/diet.conf:39
2026/03/02 18:51:24 [warn] 1#1: the "listen ... http2" directive is deprecated, use the "http2" directive instead in /etc/nginx/sites-enabled/geo.conf:26
2026/03/02 18:51:24 [warn] 1#1: the "listen ... http2" directive is deprecated, use the "http2" directive instead in /etc/nginx/sites-enabled/geo.conf:37
2026/03/02 18:51:24 [emerg] 1#1: host not found in upstream "diet_frontend" in /etc/nginx/sites-enabled/diet.conf:63
2026/03/02 18:52:24 [warn] 1#1: the "listen ... http2" directive is deprecated, use the "http2" directive instead in /etc/nginx/sites-enabled/diet.conf:28
2026/03/02 18:52:24 [warn] 1#1: the "listen ... http2" directive is deprecated, use the "http2" directive instead in /etc/nginx/sites-enabled/diet.conf:39
2026/03/02 18:52:24 [warn] 1#1: the "listen ... http2" directive is deprecated, use the "http2" directive instead in /etc/nginx/sites-enabled/geo.conf:26
2026/03/02 18:52:24 [warn] 1#1: the "listen ... http2" directive is deprecated, use the "http2" directive instead in /etc/nginx/sites-enabled/geo.conf:37
2026/03/02 18:52:24 [emerg] 1#1: host not found in upstream "diet_frontend" in /etc/nginx/sites-enabled/diet.conf:63
2026/03/02 18:53:25 [warn] 1#1: the "listen ... http2" directive is deprecated, use the "http2" directive instead in /etc/nginx/sites-enabled/diet.conf:28
2026/03/02 18:53:25 [warn] 1#1: the "listen ... http2" directive is deprecated, use the "http2" directive instead in /etc/nginx/sites-enabled/diet.conf:39
2026/03/02 18:53:25 [warn] 1#1: the "listen ... http2" directive is deprecated, use the "http2" directive instead in /etc/nginx/sites-enabled/geo.conf:26
2026/03/02 18:53:25 [warn] 1#1: the "listen ... http2" directive is deprecated, use the "http2" directive instead in /etc/nginx/sites-enabled/geo.conf:37
2026/03/02 18:53:25 [emerg] 1#1: host not found in upstream "diet_frontend" in /etc/nginx/sites-enabled/diet.conf:63
2026/03/02 18:54:25 [warn] 1#1: the "listen ... http2" directive is deprecated, use the "http2" directive instead in /etc/nginx/sites-enabled/diet.conf:28
2026/03/02 18:54:25 [warn] 1#1: the "listen ... http2" directive is deprecated, use the "http2" directive instead in /etc/nginx/sites-enabled/diet.conf:39
2026/03/02 18:54:25 [warn] 1#1: the "listen ... http2" directive is deprecated, use the "http2" directive instead in /etc/nginx/sites-enabled/geo.conf:26
2026/03/02 18:54:25 [warn] 1#1: the "listen ... http2" directive is deprecated, use the "http2" directive instead in /etc/nginx/sites-enabled/geo.conf:37
2026/03/02 18:54:25 [emerg] 1#1: host not found in upstream "diet_frontend" in /etc/nginx/sites-enabled/diet.conf:63
2026/03/02 18:55:25 [warn] 1#1: the "listen ... http2" directive is deprecated, use the "http2" directive instead in /etc/nginx/sites-enabled/diet.conf:28
2026/03/02 18:55:25 [warn] 1#1: the "listen ... http2" directive is deprecated, use the "http2" directive instead in /etc/nginx/sites-enabled/diet.conf:39
2026/03/02 18:55:25 [warn] 1#1: the "listen ... http2" directive is deprecated, use the "http2" directive instead in /etc/nginx/sites-enabled/geo.conf:26
2026/03/02 18:55:25 [warn] 1#1: the "listen ... http2" directive is deprecated, use the "http2" directive instead in /etc/nginx/sites-enabled/geo.conf:37
2026/03/02 18:55:25 [emerg] 1#1: host not found in upstream "diet_frontend" in /etc/nginx/sites-enabled/diet.conf:63
2026/03/02 18:56:25 [warn] 1#1: the "listen ... http2" directive is deprecated, use the "http2" directive instead in /etc/nginx/sites-enabled/diet.conf:28
2026/03/02 18:56:25 [warn] 1#1: the "listen ... http2" directive is deprecated, use the "http2" directive instead in /etc/nginx/sites-enabled/diet.conf:39
2026/03/02 18:56:25 [warn] 1#1: the "listen ... http2" directive is deprecated, use the "http2" directive instead in /etc/nginx/sites-enabled/geo.conf:26
2026/03/02 18:56:25 [warn] 1#1: the "listen ... http2" directive is deprecated, use the "http2" directive instead in /etc/nginx/sites-enabled/geo.conf:37
2026/03/02 18:56:25 [emerg] 1#1: host not found in upstream "diet_frontend" in /etc/nginx/sites-enabled/diet.conf:63
2026/03/02 18:57:25 [warn] 1#1: the "listen ... http2" directive is deprecated, use the "http2" directive instead in /etc/nginx/sites-enabled/diet.conf:28
2026/03/02 18:57:25 [warn] 1#1: the "listen ... http2" directive is deprecated, use the "http2" directive instead in /etc/nginx/sites-enabled/diet.conf:39
2026/03/02 18:57:25 [warn] 1#1: the "listen ... http2" directive is deprecated, use the "http2" directive instead in /etc/nginx/sites-enabled/geo.conf:26
2026/03/02 18:57:25 [warn] 1#1: the "listen ... http2" directive is deprecated, use the "http2" directive instead in /etc/nginx/sites-enabled/geo.conf:37
2026/03/02 18:57:25 [emerg] 1#1: host not found in upstream "diet_frontend" in /etc/nginx/sites-enabled/diet.conf:63
2026/03/02 18:58:25 [warn] 1#1: the "listen ... http2" directive is deprecated, use the "http2" directive instead in /etc/nginx/sites-enabled/diet.conf:28
2026/03/02 18:58:25 [warn] 1#1: the "listen ... http2" directive is deprecated, use the "http2" directive instead in /etc/nginx/sites-enabled/diet.conf:39
2026/03/02 18:58:25 [warn] 1#1: the "listen ... http2" directive is deprecated, use the "http2" directive instead in /etc/nginx/sites-enabled/geo.conf:26
2026/03/02 18:58:25 [warn] 1#1: the "listen ... http2" directive is deprecated, use the "http2" directive instead in /etc/nginx/sites-enabled/geo.conf:37
2026/03/02 18:58:25 [emerg] 1#1: host not found in upstream "diet_frontend" in /etc/nginx/sites-enabled/diet.conf:63
2026/03/02 18:59:26 [warn] 1#1: the "listen ... http2" directive is deprecated, use the "http2" directive instead in /etc/nginx/sites-enabled/diet.conf:28
2026/03/02 18:59:26 [warn] 1#1: the "listen ... http2" directive is deprecated, use the "http2" directive instead in /etc/nginx/sites-enabled/diet.conf:39
2026/03/02 18:59:26 [warn] 1#1: the "listen ... http2" directive is deprecated, use the "http2" directive instead in /etc/nginx/sites-enabled/geo.conf:26
2026/03/02 18:59:26 [warn] 1#1: the "listen ... http2" directive is deprecated, use the "http2" directive instead in /etc/nginx/sites-enabled/geo.conf:37
2026/03/02 18:59:26 [emerg] 1#1: host not found in upstream "diet_frontend" in /etc/nginx/sites-enabled/diet.conf:63
2026/03/02 19:00:26 [warn] 1#1: the "listen ... http2" directive is deprecated, use the "http2" directive instead in /etc/nginx/sites-enabled/diet.conf:28
2026/03/02 19:00:26 [warn] 1#1: the "listen ... http2" directive is deprecated, use the "http2" directive instead in /etc/nginx/sites-enabled/diet.conf:39
2026/03/02 19:00:26 [warn] 1#1: the "listen ... http2" directive is deprecated, use the "http2" directive instead in /etc/nginx/sites-enabled/geo.conf:26
2026/03/02 19:00:26 [warn] 1#1: the "listen ... http2" directive is deprecated, use the "http2" directive instead in /etc/nginx/sites-enabled/geo.conf:37
2026/03/02 19:00:26 [emerg] 1#1: host not found in upstream "diet_frontend" in /etc/nginx/sites-enabled/diet.conf:63
2026/03/02 19:01:26 [warn] 1#1: the "listen ... http2" directive is deprecated, use the "http2" directive instead in /etc/nginx/sites-enabled/diet.conf:28
2026/03/02 19:01:26 [warn] 1#1: the "listen ... http2" directive is deprecated, use the "http2" directive instead in /etc/nginx/sites-enabled/diet.conf:39
2026/03/02 19:01:26 [warn] 1#1: the "listen ... http2" directive is deprecated, use the "http2" directive instead in /etc/nginx/sites-enabled/geo.conf:26
2026/03/02 19:01:26 [warn] 1#1: the "listen ... http2" directive is deprecated, use the "http2" directive instead in /etc/nginx/sites-enabled/geo.conf:37
2026/03/02 19:01:26 [emerg] 1#1: host not found in upstream "diet_frontend" in /etc/nginx/sites-enabled/diet.conf:63
2026/03/02 19:02:26 [warn] 1#1: the "listen ... http2" directive is deprecated, use the "http2" directive instead in /etc/nginx/sites-enabled/diet.conf:28
2026/03/02 19:02:26 [warn] 1#1: the "listen ... http2" directive is deprecated, use the "http2" directive instead in /etc/nginx/sites-enabled/diet.conf:39
2026/03/02 19:02:26 [warn] 1#1: the "listen ... http2" directive is deprecated, use the "http2" directive instead in /etc/nginx/sites-enabled/geo.conf:26
2026/03/02 19:02:26 [warn] 1#1: the "listen ... http2" directive is deprecated, use the "http2" directive instead in /etc/nginx/sites-enabled/geo.conf:37
2026/03/02 19:02:26 [emerg] 1#1: host not found in upstream "diet_frontend" in /etc/nginx/sites-enabled/diet.conf:63
2026/03/02 19:03:26 [warn] 1#1: the "listen ... http2" directive is deprecated, use the "http2" directive instead in /etc/nginx/sites-enabled/diet.conf:28
2026/03/02 19:03:26 [warn] 1#1: the "listen ... http2" directive is deprecated, use the "http2" directive instead in /etc/nginx/sites-enabled/diet.conf:39
2026/03/02 19:03:26 [warn] 1#1: the "listen ... http2" directive is deprecated, use the "http2" directive instead in /etc/nginx/sites-enabled/geo.conf:26
2026/03/02 19:03:26 [warn] 1#1: the "listen ... http2" directive is deprecated, use the "http2" directive instead in /etc/nginx/sites-enabled/geo.conf:37
2026/03/02 19:03:26 [emerg] 1#1: host not found in upstream "diet_frontend" in /etc/nginx/sites-enabled/diet.conf:63
2026/03/02 19:04:26 [warn] 1#1: the "listen ... http2" directive is deprecated, use the "http2" directive instead in /etc/nginx/sites-enabled/diet.conf:28
2026/03/02 19:04:26 [warn] 1#1: the "listen ... http2" directive is deprecated, use the "http2" directive instead in /etc/nginx/sites-enabled/diet.conf:39
2026/03/02 19:04:26 [warn] 1#1: the "listen ... http2" directive is deprecated, use the "http2" directive instead in /etc/nginx/sites-enabled/geo.conf:26
2026/03/02 19:04:26 [warn] 1#1: the "listen ... http2" directive is deprecated, use the "http2" directive instead in /etc/nginx/sites-enabled/geo.conf:37
2026/03/02 19:04:26 [emerg] 1#1: host not found in upstream "diet_frontend" in /etc/nginx/sites-enabled/diet.conf:63
2026/03/02 19:05:27 [warn] 1#1: the "listen ... http2" directive is deprecated, use the "http2" directive instead in /etc/nginx/sites-enabled/diet.conf:28
2026/03/02 19:05:27 [warn] 1#1: the "listen ... http2" directive is deprecated, use the "http2" directive instead in /etc/nginx/sites-enabled/diet.conf:39
2026/03/02 19:05:27 [warn] 1#1: the "listen ... http2" directive is deprecated, use the "http2" directive instead in /etc/nginx/sites-enabled/geo.conf:26
2026/03/02 19:05:27 [warn] 1#1: the "listen ... http2" directive is deprecated, use the "http2" directive instead in /etc/nginx/sites-enabled/geo.conf:37
2026/03/02 19:05:27 [emerg] 1#1: host not found in upstream "diet_frontend" in /etc/nginx/sites-enabled/diet.conf:63
2026/03/02 19:06:27 [warn] 1#1: the "listen ... http2" directive is deprecated, use the "http2" directive instead in /etc/nginx/sites-enabled/diet.conf:28
2026/03/02 19:06:27 [warn] 1#1: the "listen ... http2" directive is deprecated, use the "http2" directive instead in /etc/nginx/sites-enabled/diet.conf:39
2026/03/02 19:06:27 [warn] 1#1: the "listen ... http2" directive is deprecated, use the "http2" directive instead in /etc/nginx/sites-enabled/geo.conf:26
2026/03/02 19:06:27 [warn] 1#1: the "listen ... http2" directive is deprecated, use the "http2" directive instead in /etc/nginx/sites-enabled/geo.conf:37
2026/03/02 19:06:27 [emerg] 1#1: host not found in upstream "diet_frontend" in /etc/nginx/sites-enabled/diet.conf:63
2026/03/02 19:07:27 [warn] 1#1: the "listen ... http2" directive is deprecated, use the "http2" directive instead in /etc/nginx/sites-enabled/diet.conf:28
2026/03/02 19:07:27 [warn] 1#1: the "listen ... http2" directive is deprecated, use the "http2" directive instead in /etc/nginx/sites-enabled/diet.conf:39
2026/03/02 19:07:27 [warn] 1#1: the "listen ... http2" directive is deprecated, use the "http2" directive instead in /etc/nginx/sites-enabled/geo.conf:26
2026/03/02 19:07:27 [warn] 1#1: the "listen ... http2" directive is deprecated, use the "http2" directive instead in /etc/nginx/sites-enabled/geo.conf:37
2026/03/02 19:07:27 [emerg] 1#1: host not found in upstream "diet_frontend" in /etc/nginx/sites-enabled/diet.conf:63
2026/03/02 19:08:27 [warn] 1#1: the "listen ... http2" directive is deprecated, use the "http2" directive instead in /etc/nginx/sites-enabled/diet.conf:28
2026/03/02 19:08:27 [warn] 1#1: the "listen ... http2" directive is deprecated, use the "http2" directive instead in /etc/nginx/sites-enabled/diet.conf:39
2026/03/02 19:08:27 [warn] 1#1: the "listen ... http2" directive is deprecated, use the "http2" directive instead in /etc/nginx/sites-enabled/geo.conf:26
2026/03/02 19:08:27 [warn] 1#1: the "listen ... http2" directive is deprecated, use the "http2" directive instead in /etc/nginx/sites-enabled/geo.conf:37
2026/03/02 19:08:27 [emerg] 1#1: host not found in upstream "diet_frontend" in /etc/nginx/sites-enabled/diet.conf:63
2026/03/02 19:09:27 [warn] 1#1: the "listen ... http2" directive is deprecated, use the "http2" directive instead in /etc/nginx/sites-enabled/diet.conf:28
2026/03/02 19:09:27 [warn] 1#1: the "listen ... http2" directive is deprecated, use the "http2" directive instead in /etc/nginx/sites-enabled/diet.conf:39
2026/03/02 19:09:27 [warn] 1#1: the "listen ... http2" directive is deprecated, use the "http2" directive instead in /etc/nginx/sites-enabled/geo.conf:26
2026/03/02 19:09:27 [warn] 1#1: the "listen ... http2" directive is deprecated, use the "http2" directive instead in /etc/nginx/sites-enabled/geo.conf:37
2026/03/02 19:09:27 [emerg] 1#1: host not found in upstream "diet_frontend" in /etc/nginx/sites-enabled/diet.conf:63
2026/03/02 19:10:28 [warn] 1#1: the "listen ... http2" directive is deprecated, use the "http2" directive instead in /etc/nginx/sites-enabled/diet.conf:28
2026/03/02 19:10:28 [warn] 1#1: the "listen ... http2" directive is deprecated, use the "http2" directive instead in /etc/nginx/sites-enabled/diet.conf:39
2026/03/02 19:10:28 [warn] 1#1: the "listen ... http2" directive is deprecated, use the "http2" directive instead in /etc/nginx/sites-enabled/geo.conf:26
2026/03/02 19:10:28 [warn] 1#1: the "listen ... http2" directive is deprecated, use the "http2" directive instead in /etc/nginx/sites-enabled/geo.conf:37
2026/03/02 19:10:28 [emerg] 1#1: host not found in upstream "diet_frontend" in /etc/nginx/sites-enabled/diet.conf:63
2026/03/02 19:11:28 [warn] 1#1: the "listen ... http2" directive is deprecated, use the "http2" directive instead in /etc/nginx/sites-enabled/diet.conf:28
2026/03/02 19:11:28 [warn] 1#1: the "listen ... http2" directive is deprecated, use the "http2" directive instead in /etc/nginx/sites-enabled/diet.conf:39
2026/03/02 19:11:28 [warn] 1#1: the "listen ... http2" directive is deprecated, use the "http2" directive instead in /etc/nginx/sites-enabled/geo.conf:26
2026/03/02 19:11:28 [warn] 1#1: the "listen ... http2" directive is deprecated, use the "http2" directive instead in /etc/nginx/sites-enabled/geo.conf:37
2026/03/02 19:11:28 [emerg] 1#1: host not found in upstream "diet_frontend" in /etc/nginx/sites-enabled/diet.conf:63
2026/03/02 19:12:28 [warn] 1#1: the "listen ... http2" directive is deprecated, use the "http2" directive instead in /etc/nginx/sites-enabled/diet.conf:28
2026/03/02 19:12:28 [warn] 1#1: the "listen ... http2" directive is deprecated, use the "http2" directive instead in /etc/nginx/sites-enabled/diet.conf:39
2026/03/02 19:12:28 [warn] 1#1: the "listen ... http2" directive is deprecated, use the "http2" directive instead in /etc/nginx/sites-enabled/geo.conf:26
2026/03/02 19:12:28 [warn] 1#1: the "listen ... http2" directive is deprecated, use the "http2" directive instead in /etc/nginx/sites-enabled/geo.conf:37
2026/03/02 19:12:28 [emerg] 1#1: host not found in upstream "diet_frontend" in /etc/nginx/sites-enabled/diet.conf:63
2026/03/02 19:13:28 [warn] 1#1: the "listen ... http2" directive is deprecated, use the "http2" directive instead in /etc/nginx/sites-enabled/diet.conf:28
2026/03/02 19:13:28 [warn] 1#1: the "listen ... http2" directive is deprecated, use the "http2" directive instead in /etc/nginx/sites-enabled/diet.conf:39
2026/03/02 19:13:28 [warn] 1#1: the "listen ... http2" directive is deprecated, use the "http2" directive instead in /etc/nginx/sites-enabled/geo.conf:26
2026/03/02 19:13:28 [warn] 1#1: the "listen ... http2" directive is deprecated, use the "http2" directive instead in /etc/nginx/sites-enabled/geo.conf:37
2026/03/02 19:13:28 [emerg] 1#1: host not found in upstream "diet_frontend" in /etc/nginx/sites-enabled/diet.conf:63
2026/03/02 19:14:28 [warn] 1#1: the "listen ... http2" directive is deprecated, use the "http2" directive instead in /etc/nginx/sites-enabled/diet.conf:28
2026/03/02 19:14:28 [warn] 1#1: the "listen ... http2" directive is deprecated, use the "http2" directive instead in /etc/nginx/sites-enabled/diet.conf:39
2026/03/02 19:14:28 [warn] 1#1: the "listen ... http2" directive is deprecated, use the "http2" directive instead in /etc/nginx/sites-enabled/geo.conf:26
2026/03/02 19:14:28 [warn] 1#1: the "listen ... http2" directive is deprecated, use the "http2" directive instead in /etc/nginx/sites-enabled/geo.conf:37
2026/03/02 19:14:28 [emerg] 1#1: host not found in upstream "diet_frontend" in /etc/nginx/sites-enabled/diet.conf:63
2026/03/02 19:15:28 [warn] 1#1: the "listen ... http2" directive is deprecated, use the "http2" directive instead in /etc/nginx/sites-enabled/diet.conf:28
2026/03/02 19:15:28 [warn] 1#1: the "listen ... http2" directive is deprecated, use the "http2" directive instead in /etc/nginx/sites-enabled/diet.conf:39
2026/03/02 19:15:28 [warn] 1#1: the "listen ... http2" directive is deprecated, use the "http2" directive instead in /etc/nginx/sites-enabled/geo.conf:26
2026/03/02 19:15:28 [warn] 1#1: the "listen ... http2" directive is deprecated, use the "http2" directive instead in /etc/nginx/sites-enabled/geo.conf:37
2026/03/02 19:15:28 [emerg] 1#1: host not found in upstream "diet_frontend" in /etc/nginx/sites-enabled/diet.conf:63
2026/03/02 19:16:29 [warn] 1#1: the "listen ... http2" directive is deprecated, use the "http2" directive instead in /etc/nginx/sites-enabled/diet.conf:28
2026/03/02 19:16:29 [warn] 1#1: the "listen ... http2" directive is deprecated, use the "http2" directive instead in /etc/nginx/sites-enabled/diet.conf:39
2026/03/02 19:16:29 [warn] 1#1: the "listen ... http2" directive is deprecated, use the "http2" directive instead in /etc/nginx/sites-enabled/geo.conf:26
2026/03/02 19:16:29 [warn] 1#1: the "listen ... http2" directive is deprecated, use the "http2" directive instead in /etc/nginx/sites-enabled/geo.conf:37
2026/03/02 19:16:29 [emerg] 1#1: host not found in upstream "diet_frontend" in /etc/nginx/sites-enabled/diet.conf:63
2026/03/02 19:17:29 [warn] 1#1: the "listen ... http2" directive is deprecated, use the "http2" directive instead in /etc/nginx/sites-enabled/diet.conf:28
2026/03/02 19:17:29 [warn] 1#1: the "listen ... http2" directive is deprecated, use the "http2" directive instead in /etc/nginx/sites-enabled/diet.conf:39
2026/03/02 19:17:29 [warn] 1#1: the "listen ... http2" directive is deprecated, use the "http2" directive instead in /etc/nginx/sites-enabled/geo.conf:26
2026/03/02 19:17:29 [warn] 1#1: the "listen ... http2" directive is deprecated, use the "http2" directive instead in /etc/nginx/sites-enabled/geo.conf:37
2026/03/02 19:17:29 [emerg] 1#1: host not found in upstream "diet_frontend" in /etc/nginx/sites-enabled/diet.conf:63
2026/03/02 19:18:29 [warn] 1#1: the "listen ... http2" directive is deprecated, use the "http2" directive instead in /etc/nginx/sites-enabled/diet.conf:28
2026/03/02 19:18:29 [warn] 1#1: the "listen ... http2" directive is deprecated, use the "http2" directive instead in /etc/nginx/sites-enabled/diet.conf:39
2026/03/02 19:18:29 [warn] 1#1: the "listen ... http2" directive is deprecated, use the "http2" directive instead in /etc/nginx/sites-enabled/geo.conf:26
2026/03/02 19:18:29 [warn] 1#1: the "listen ... http2" directive is deprecated, use the "http2" directive instead in /etc/nginx/sites-enabled/geo.conf:37
2026/03/02 19:18:29 [emerg] 1#1: host not found in upstream "diet_frontend" in /etc/nginx/sites-enabled/diet.conf:63
2026/03/02 19:19:29 [warn] 1#1: the "listen ... http2" directive is deprecated, use the "http2" directive instead in /etc/nginx/sites-enabled/diet.conf:28
2026/03/02 19:19:29 [warn] 1#1: the "listen ... http2" directive is deprecated, use the "http2" directive instead in /etc/nginx/sites-enabled/diet.conf:39
2026/03/02 19:19:29 [warn] 1#1: the "listen ... http2" directive is deprecated, use the "http2" directive instead in /etc/nginx/sites-enabled/geo.conf:26
2026/03/02 19:19:29 [warn] 1#1: the "listen ... http2" directive is deprecated, use the "http2" directive instead in /etc/nginx/sites-enabled/geo.conf:37
2026/03/02 19:19:29 [emerg] 1#1: host not found in upstream "diet_frontend" in /etc/nginx/sites-enabled/diet.conf:63
2026/03/02 19:20:29 [warn] 1#1: the "listen ... http2" directive is deprecated, use the "http2" directive instead in /etc/nginx/sites-enabled/diet.conf:28
2026/03/02 19:20:29 [warn] 1#1: the "listen ... http2" directive is deprecated, use the "http2" directive instead in /etc/nginx/sites-enabled/diet.conf:39
2026/03/02 19:20:29 [warn] 1#1: the "listen ... http2" directive is deprecated, use the "http2" directive instead in /etc/nginx/sites-enabled/geo.conf:26
2026/03/02 19:20:29 [warn] 1#1: the "listen ... http2" directive is deprecated, use the "http2" directive instead in /etc/nginx/sites-enabled/geo.conf:37
2026/03/02 19:20:29 [emerg] 1#1: host not found in upstream "diet_frontend" in /etc/nginx/sites-enabled/diet.conf:63
2026/03/02 19:21:29 [warn] 1#1: the "listen ... http2" directive is deprecated, use the "http2" directive instead in /etc/nginx/sites-enabled/diet.conf:28
2026/03/02 19:21:29 [warn] 1#1: the "listen ... http2" directive is deprecated, use the "http2" directive instead in /etc/nginx/sites-enabled/diet.conf:39
2026/03/02 19:21:29 [warn] 1#1: the "listen ... http2" directive is deprecated, use the "http2" directive instead in /etc/nginx/sites-enabled/geo.conf:26
2026/03/02 19:21:29 [warn] 1#1: the "listen ... http2" directive is deprecated, use the "http2" directive instead in /etc/nginx/sites-enabled/geo.conf:37
2026/03/02 19:21:29 [emerg] 1#1: host not found in upstream "diet_frontend" in /etc/nginx/sites-enabled/diet.conf:63
2026/03/02 19:22:29 [warn] 1#1: the "listen ... http2" directive is deprecated, use the "http2" directive instead in /etc/nginx/sites-enabled/diet.conf:28
2026/03/02 19:22:29 [warn] 1#1: the "listen ... http2" directive is deprecated, use the "http2" directive instead in /etc/nginx/sites-enabled/diet.conf:39
2026/03/02 19:22:29 [warn] 1#1: the "listen ... http2" directive is deprecated, use the "http2" directive instead in /etc/nginx/sites-enabled/geo.conf:26
2026/03/02 19:22:29 [warn] 1#1: the "listen ... http2" directive is deprecated, use the "http2" directive instead in /etc/nginx/sites-enabled/geo.conf:37
2026/03/02 19:22:29 [emerg] 1#1: host not found in upstream "diet_frontend" in /etc/nginx/sites-enabled/diet.conf:63
2026/03/02 19:23:30 [warn] 1#1: the "listen ... http2" directive is deprecated, use the "http2" directive instead in /etc/nginx/sites-enabled/diet.conf:28
2026/03/02 19:23:30 [warn] 1#1: the "listen ... http2" directive is deprecated, use the "http2" directive instead in /etc/nginx/sites-enabled/diet.conf:39
2026/03/02 19:23:30 [warn] 1#1: the "listen ... http2" directive is deprecated, use the "http2" directive instead in /etc/nginx/sites-enabled/geo.conf:26
2026/03/02 19:23:30 [warn] 1#1: the "listen ... http2" directive is deprecated, use the "http2" directive instead in /etc/nginx/sites-enabled/geo.conf:37
2026/03/02 19:23:30 [emerg] 1#1: host not found in upstream "diet_frontend" in /etc/nginx/sites-enabled/diet.conf:63
2026/03/02 19:24:30 [warn] 1#1: the "listen ... http2" directive is deprecated, use the "http2" directive instead in /etc/nginx/sites-enabled/diet.conf:28
2026/03/02 19:24:30 [warn] 1#1: the "listen ... http2" directive is deprecated, use the "http2" directive instead in /etc/nginx/sites-enabled/diet.conf:39
2026/03/02 19:24:30 [warn] 1#1: the "listen ... http2" directive is deprecated, use the "http2" directive instead in /etc/nginx/sites-enabled/geo.conf:26
2026/03/02 19:24:30 [warn] 1#1: the "listen ... http2" directive is deprecated, use the "http2" directive instead in /etc/nginx/sites-enabled/geo.conf:37
2026/03/02 19:24:30 [emerg] 1#1: host not found in upstream "diet_frontend" in /etc/nginx/sites-enabled/diet.conf:63
2026/03/02 19:25:30 [warn] 1#1: the "listen ... http2" directive is deprecated, use the "http2" directive instead in /etc/nginx/sites-enabled/diet.conf:28
2026/03/02 19:25:30 [warn] 1#1: the "listen ... http2" directive is deprecated, use the "http2" directive instead in /etc/nginx/sites-enabled/diet.conf:39
2026/03/02 19:25:30 [warn] 1#1: the "listen ... http2" directive is deprecated, use the "http2" directive instead in /etc/nginx/sites-enabled/geo.conf:26
2026/03/02 19:25:30 [warn] 1#1: the "listen ... http2" directive is deprecated, use the "http2" directive instead in /etc/nginx/sites-enabled/geo.conf:37
2026/03/02 19:25:30 [emerg] 1#1: host not found in upstream "diet_frontend" in /etc/nginx/sites-enabled/diet.conf:63
2026/03/02 19:26:30 [warn] 1#1: the "listen ... http2" directive is deprecated, use the "http2" directive instead in /etc/nginx/sites-enabled/diet.conf:28
2026/03/02 19:26:30 [warn] 1#1: the "listen ... http2" directive is deprecated, use the "http2" directive instead in /etc/nginx/sites-enabled/diet.conf:39
2026/03/02 19:26:30 [warn] 1#1: the "listen ... http2" directive is deprecated, use the "http2" directive instead in /etc/nginx/sites-enabled/geo.conf:26
2026/03/02 19:26:30 [warn] 1#1: the "listen ... http2" directive is deprecated, use the "http2" directive instead in /etc/nginx/sites-enabled/geo.conf:37
2026/03/02 19:26:30 [emerg] 1#1: host not found in upstream "diet_frontend" in /etc/nginx/sites-enabled/diet.conf:63
2026/03/02 19:27:30 [warn] 1#1: the "listen ... http2" directive is deprecated, use the "http2" directive instead in /etc/nginx/sites-enabled/diet.conf:28
2026/03/02 19:27:30 [warn] 1#1: the "listen ... http2" directive is deprecated, use the "http2" directive instead in /etc/nginx/sites-enabled/diet.conf:39
2026/03/02 19:27:30 [warn] 1#1: the "listen ... http2" directive is deprecated, use the "http2" directive instead in /etc/nginx/sites-enabled/geo.conf:26
2026/03/02 19:27:30 [warn] 1#1: the "listen ... http2" directive is deprecated, use the "http2" directive instead in /etc/nginx/sites-enabled/geo.conf:37
2026/03/02 19:27:30 [emerg] 1#1: host not found in upstream "diet_frontend" in /etc/nginx/sites-enabled/diet.conf:63
2026/03/02 19:28:30 [warn] 1#1: the "listen ... http2" directive is deprecated, use the "http2" directive instead in /etc/nginx/sites-enabled/diet.conf:28
2026/03/02 19:28:30 [warn] 1#1: the "listen ... http2" directive is deprecated, use the "http2" directive instead in /etc/nginx/sites-enabled/diet.conf:39
2026/03/02 19:28:30 [warn] 1#1: the "listen ... http2" directive is deprecated, use the "http2" directive instead in /etc/nginx/sites-enabled/geo.conf:26
2026/03/02 19:28:30 [warn] 1#1: the "listen ... http2" directive is deprecated, use the "http2" directive instead in /etc/nginx/sites-enabled/geo.conf:37
2026/03/02 19:28:30 [emerg] 1#1: host not found in upstream "diet_frontend" in /etc/nginx/sites-enabled/diet.conf:63
2026/03/02 19:29:30 [warn] 1#1: the "listen ... http2" directive is deprecated, use the "http2" directive instead in /etc/nginx/sites-enabled/diet.conf:28
2026/03/02 19:29:30 [warn] 1#1: the "listen ... http2" directive is deprecated, use the "http2" directive instead in /etc/nginx/sites-enabled/diet.conf:39
2026/03/02 19:29:30 [warn] 1#1: the "listen ... http2" directive is deprecated, use the "http2" directive instead in /etc/nginx/sites-enabled/geo.conf:26
2026/03/02 19:29:30 [warn] 1#1: the "listen ... http2" directive is deprecated, use the "http2" directive instead in /etc/nginx/sites-enabled/geo.conf:37
2026/03/02 19:29:30 [emerg] 1#1: host not found in upstream "diet_frontend" in /etc/nginx/sites-enabled/diet.conf:63
2026/03/02 19:30:31 [warn] 1#1: the "listen ... http2" directive is deprecated, use the "http2" directive instead in /etc/nginx/sites-enabled/diet.conf:28
2026/03/02 19:30:31 [warn] 1#1: the "listen ... http2" directive is deprecated, use the "http2" directive instead in /etc/nginx/sites-enabled/diet.conf:39
2026/03/02 19:30:31 [warn] 1#1: the "listen ... http2" directive is deprecated, use the "http2" directive instead in /etc/nginx/sites-enabled/geo.conf:26
2026/03/02 19:30:31 [warn] 1#1: the "listen ... http2" directive is deprecated, use the "http2" directive instead in /etc/nginx/sites-enabled/geo.conf:37
2026/03/02 19:30:31 [emerg] 1#1: host not found in upstream "diet_frontend" in /etc/nginx/sites-enabled/diet.conf:63
2026/03/02 19:31:31 [warn] 1#1: the "listen ... http2" directive is deprecated, use the "http2" directive instead in /etc/nginx/sites-enabled/diet.conf:28
2026/03/02 19:31:31 [warn] 1#1: the "listen ... http2" directive is deprecated, use the "http2" directive instead in /etc/nginx/sites-enabled/diet.conf:39
2026/03/02 19:31:31 [warn] 1#1: the "listen ... http2" directive is deprecated, use the "http2" directive instead in /etc/nginx/sites-enabled/geo.conf:26
2026/03/02 19:31:31 [warn] 1#1: the "listen ... http2" directive is deprecated, use the "http2" directive instead in /etc/nginx/sites-enabled/geo.conf:37
2026/03/02 19:31:31 [emerg] 1#1: host not found in upstream "diet_frontend" in /etc/nginx/sites-enabled/diet.conf:63
2026/03/02 19:32:31 [warn] 1#1: the "listen ... http2" directive is deprecated, use the "http2" directive instead in /etc/nginx/sites-enabled/diet.conf:28
2026/03/02 19:32:31 [warn] 1#1: the "listen ... http2" directive is deprecated, use the "http2" directive instead in /etc/nginx/sites-enabled/diet.conf:39
2026/03/02 19:32:31 [warn] 1#1: the "listen ... http2" directive is deprecated, use the "http2" directive instead in /etc/nginx/sites-enabled/geo.conf:26
2026/03/02 19:32:31 [warn] 1#1: the "listen ... http2" directive is deprecated, use the "http2" directive instead in /etc/nginx/sites-enabled/geo.conf:37
2026/03/02 19:32:31 [emerg] 1#1: host not found in upstream "diet_frontend" in /etc/nginx/sites-enabled/diet.conf:63
2026/03/02 19:33:31 [warn] 1#1: the "listen ... http2" directive is deprecated, use the "http2" directive instead in /etc/nginx/sites-enabled/diet.conf:28
2026/03/02 19:33:31 [warn] 1#1: the "listen ... http2" directive is deprecated, use the "http2" directive instead in /etc/nginx/sites-enabled/diet.conf:39
2026/03/02 19:33:31 [warn] 1#1: the "listen ... http2" directive is deprecated, use the "http2" directive instead in /etc/nginx/sites-enabled/geo.conf:26
2026/03/02 19:33:31 [warn] 1#1: the "listen ... http2" directive is deprecated, use the "http2" directive instead in /etc/nginx/sites-enabled/geo.conf:37
2026/03/02 19:33:31 [emerg] 1#1: host not found in upstream "diet_frontend" in /etc/nginx/sites-enabled/diet.conf:63
2026/03/02 19:34:31 [warn] 1#1: the "listen ... http2" directive is deprecated, use the "http2" directive instead in /etc/nginx/sites-enabled/diet.conf:28
2026/03/02 19:34:31 [warn] 1#1: the "listen ... http2" directive is deprecated, use the "http2" directive instead in /etc/nginx/sites-enabled/diet.conf:39
2026/03/02 19:34:31 [warn] 1#1: the "listen ... http2" directive is deprecated, use the "http2" directive instead in /etc/nginx/sites-enabled/geo.conf:26
2026/03/02 19:34:31 [warn] 1#1: the "listen ... http2" directive is deprecated, use the "http2" directive instead in /etc/nginx/sites-enabled/geo.conf:37
2026/03/02 19:34:31 [emerg] 1#1: host not found in upstream "diet_frontend" in /etc/nginx/sites-enabled/diet.conf:63
2026/03/02 19:35:31 [warn] 1#1: the "listen ... http2" directive is deprecated, use the "http2" directive instead in /etc/nginx/sites-enabled/diet.conf:28
2026/03/02 19:35:31 [warn] 1#1: the "listen ... http2" directive is deprecated, use the "http2" directive instead in /etc/nginx/sites-enabled/diet.conf:39
2026/03/02 19:35:31 [warn] 1#1: the "listen ... http2" directive is deprecated, use the "http2" directive instead in /etc/nginx/sites-enabled/geo.conf:26
2026/03/02 19:35:31 [warn] 1#1: the "listen ... http2" directive is deprecated, use the "http2" directive instead in /etc/nginx/sites-enabled/geo.conf:37
2026/03/02 19:35:31 [emerg] 1#1: host not found in upstream "diet_frontend" in /etc/nginx/sites-enabled/diet.conf:63
2026/03/02 19:36:32 [warn] 1#1: the "listen ... http2" directive is deprecated, use the "http2" directive instead in /etc/nginx/sites-enabled/diet.conf:28
2026/03/02 19:36:32 [warn] 1#1: the "listen ... http2" directive is deprecated, use the "http2" directive instead in /etc/nginx/sites-enabled/diet.conf:39
2026/03/02 19:36:32 [warn] 1#1: the "listen ... http2" directive is deprecated, use the "http2" directive instead in /etc/nginx/sites-enabled/geo.conf:26
2026/03/02 19:36:32 [warn] 1#1: the "listen ... http2" directive is deprecated, use the "http2" directive instead in /etc/nginx/sites-enabled/geo.conf:37
2026/03/02 19:36:32 [emerg] 1#1: host not found in upstream "diet_frontend" in /etc/nginx/sites-enabled/diet.conf:63
2026/03/02 19:37:32 [warn] 1#1: the "listen ... http2" directive is deprecated, use the "http2" directive instead in /etc/nginx/sites-enabled/diet.conf:28
2026/03/02 19:37:32 [warn] 1#1: the "listen ... http2" directive is deprecated, use the "http2" directive instead in /etc/nginx/sites-enabled/diet.conf:39
2026/03/02 19:37:32 [warn] 1#1: the "listen ... http2" directive is deprecated, use the "http2" directive instead in /etc/nginx/sites-enabled/geo.conf:26
2026/03/02 19:37:32 [warn] 1#1: the "listen ... http2" directive is deprecated, use the "http2" directive instead in /etc/nginx/sites-enabled/geo.conf:37
2026/03/02 19:37:32 [emerg] 1#1: host not found in upstream "diet_frontend" in /etc/nginx/sites-enabled/diet.conf:63
2026/03/02 19:38:32 [warn] 1#1: the "listen ... http2" directive is deprecated, use the "http2" directive instead in /etc/nginx/sites-enabled/diet.conf:28
2026/03/02 19:38:32 [warn] 1#1: the "listen ... http2" directive is deprecated, use the "http2" directive instead in /etc/nginx/sites-enabled/diet.conf:39
2026/03/02 19:38:32 [warn] 1#1: the "listen ... http2" directive is deprecated, use the "http2" directive instead in /etc/nginx/sites-enabled/geo.conf:26
2026/03/02 19:38:32 [warn] 1#1: the "listen ... http2" directive is deprecated, use the "http2" directive instead in /etc/nginx/sites-enabled/geo.conf:37
2026/03/02 19:38:32 [emerg] 1#1: host not found in upstream "diet_frontend" in /etc/nginx/sites-enabled/diet.conf:63
2026/03/02 19:39:32 [warn] 1#1: the "listen ... http2" directive is deprecated, use the "http2" directive instead in /etc/nginx/sites-enabled/diet.conf:28
2026/03/02 19:39:32 [warn] 1#1: the "listen ... http2" directive is deprecated, use the "http2" directive instead in /etc/nginx/sites-enabled/diet.conf:39
2026/03/02 19:39:32 [warn] 1#1: the "listen ... http2" directive is deprecated, use the "http2" directive instead in /etc/nginx/sites-enabled/geo.conf:26
2026/03/02 19:39:32 [warn] 1#1: the "listen ... http2" directive is deprecated, use the "http2" directive instead in /etc/nginx/sites-enabled/geo.conf:37
2026/03/02 19:39:32 [emerg] 1#1: host not found in upstream "diet_frontend" in /etc/nginx/sites-enabled/diet.conf:63
2026/03/02 19:40:32 [warn] 1#1: the "listen ... http2" directive is deprecated, use the "http2" directive instead in /etc/nginx/sites-enabled/diet.conf:28
2026/03/02 19:40:32 [warn] 1#1: the "listen ... http2" directive is deprecated, use the "http2" directive instead in /etc/nginx/sites-enabled/diet.conf:39
2026/03/02 19:40:32 [warn] 1#1: the "listen ... http2" directive is deprecated, use the "http2" directive instead in /etc/nginx/sites-enabled/geo.conf:26
2026/03/02 19:40:32 [warn] 1#1: the "listen ... http2" directive is deprecated, use the "http2" directive instead in /etc/nginx/sites-enabled/geo.conf:37
2026/03/02 19:40:32 [emerg] 1#1: host not found in upstream "diet_frontend" in /etc/nginx/sites-enabled/diet.conf:63
2026/03/02 19:41:32 [warn] 1#1: the "listen ... http2" directive is deprecated, use the "http2" directive instead in /etc/nginx/sites-enabled/diet.conf:28
2026/03/02 19:41:32 [warn] 1#1: the "listen ... http2" directive is deprecated, use the "http2" directive instead in /etc/nginx/sites-enabled/diet.conf:39
2026/03/02 19:41:32 [warn] 1#1: the "listen ... http2" directive is deprecated, use the "http2" directive instead in /etc/nginx/sites-enabled/geo.conf:26
2026/03/02 19:41:32 [warn] 1#1: the "listen ... http2" directive is deprecated, use the "http2" directive instead in /etc/nginx/sites-enabled/geo.conf:37
2026/03/02 19:41:32 [emerg] 1#1: host not found in upstream "diet_frontend" in /etc/nginx/sites-enabled/diet.conf:63
2026/03/02 19:42:33 [warn] 1#1: the "listen ... http2" directive is deprecated, use the "http2" directive instead in /etc/nginx/sites-enabled/diet.conf:28
2026/03/02 19:42:33 [warn] 1#1: the "listen ... http2" directive is deprecated, use the "http2" directive instead in /etc/nginx/sites-enabled/diet.conf:39
2026/03/02 19:42:33 [warn] 1#1: the "listen ... http2" directive is deprecated, use the "http2" directive instead in /etc/nginx/sites-enabled/geo.conf:26
2026/03/02 19:42:33 [warn] 1#1: the "listen ... http2" directive is deprecated, use the "http2" directive instead in /etc/nginx/sites-enabled/geo.conf:37
2026/03/02 19:42:33 [emerg] 1#1: host not found in upstream "diet_frontend" in /etc/nginx/sites-enabled/diet.conf:63
2026/03/02 19:43:33 [warn] 1#1: the "listen ... http2" directive is deprecated, use the "http2" directive instead in /etc/nginx/sites-enabled/diet.conf:28
2026/03/02 19:43:33 [warn] 1#1: the "listen ... http2" directive is deprecated, use the "http2" directive instead in /etc/nginx/sites-enabled/diet.conf:39
2026/03/02 19:43:33 [warn] 1#1: the "listen ... http2" directive is deprecated, use the "http2" directive instead in /etc/nginx/sites-enabled/geo.conf:26
2026/03/02 19:43:33 [warn] 1#1: the "listen ... http2" directive is deprecated, use the "http2" directive instead in /etc/nginx/sites-enabled/geo.conf:37
2026/03/02 19:43:33 [emerg] 1#1: host not found in upstream "diet_frontend" in /etc/nginx/sites-enabled/diet.conf:63
2026/03/02 19:44:33 [warn] 1#1: the "listen ... http2" directive is deprecated, use the "http2" directive instead in /etc/nginx/sites-enabled/diet.conf:28
2026/03/02 19:44:33 [warn] 1#1: the "listen ... http2" directive is deprecated, use the "http2" directive instead in /etc/nginx/sites-enabled/diet.conf:39
2026/03/02 19:44:33 [warn] 1#1: the "listen ... http2" directive is deprecated, use the "http2" directive instead in /etc/nginx/sites-enabled/geo.conf:26
2026/03/02 19:44:33 [warn] 1#1: the "listen ... http2" directive is deprecated, use the "http2" directive instead in /etc/nginx/sites-enabled/geo.conf:37
2026/03/02 19:44:33 [emerg] 1#1: host not found in upstream "diet_frontend" in /etc/nginx/sites-enabled/diet.conf:63
2026/03/02 19:45:33 [warn] 1#1: the "listen ... http2" directive is deprecated, use the "http2" directive instead in /etc/nginx/sites-enabled/diet.conf:28
2026/03/02 19:45:33 [warn] 1#1: the "listen ... http2" directive is deprecated, use the "http2" directive instead in /etc/nginx/sites-enabled/diet.conf:39
2026/03/02 19:45:33 [warn] 1#1: the "listen ... http2" directive is deprecated, use the "http2" directive instead in /etc/nginx/sites-enabled/geo.conf:26
2026/03/02 19:45:33 [warn] 1#1: the "listen ... http2" directive is deprecated, use the "http2" directive instead in /etc/nginx/sites-enabled/geo.conf:37
2026/03/02 19:45:33 [emerg] 1#1: host not found in upstream "diet_frontend" in /etc/nginx/sites-enabled/diet.conf:63
2026/03/02 19:46:33 [warn] 1#1: the "listen ... http2" directive is deprecated, use the "http2" directive instead in /etc/nginx/sites-enabled/diet.conf:28
2026/03/02 19:46:33 [warn] 1#1: the "listen ... http2" directive is deprecated, use the "http2" directive instead in /etc/nginx/sites-enabled/diet.conf:39
2026/03/02 19:46:33 [warn] 1#1: the "listen ... http2" directive is deprecated, use the "http2" directive instead in /etc/nginx/sites-enabled/geo.conf:26
2026/03/02 19:46:33 [warn] 1#1: the "listen ... http2" directive is deprecated, use the "http2" directive instead in /etc/nginx/sites-enabled/geo.conf:37
2026/03/02 19:46:33 [emerg] 1#1: host not found in upstream "diet_frontend" in /etc/nginx/sites-enabled/diet.conf:63
2026/03/02 19:47:33 [warn] 1#1: the "listen ... http2" directive is deprecated, use the "http2" directive instead in /etc/nginx/sites-enabled/diet.conf:28
2026/03/02 19:47:33 [warn] 1#1: the "listen ... http2" directive is deprecated, use the "http2" directive instead in /etc/nginx/sites-enabled/diet.conf:39
2026/03/02 19:47:33 [warn] 1#1: the "listen ... http2" directive is deprecated, use the "http2" directive instead in /etc/nginx/sites-enabled/geo.conf:26
2026/03/02 19:47:33 [warn] 1#1: the "listen ... http2" directive is deprecated, use the "http2" directive instead in /etc/nginx/sites-enabled/geo.conf:37
2026/03/02 19:47:33 [emerg] 1#1: host not found in upstream "diet_frontend" in /etc/nginx/sites-enabled/diet.conf:63
2026/03/02 19:48:33 [warn] 1#1: the "listen ... http2" directive is deprecated, use the "http2" directive instead in /etc/nginx/sites-enabled/diet.conf:28
2026/03/02 19:48:33 [warn] 1#1: the "listen ... http2" directive is deprecated, use the "http2" directive instead in /etc/nginx/sites-enabled/diet.conf:39
2026/03/02 19:48:33 [warn] 1#1: the "listen ... http2" directive is deprecated, use the "http2" directive instead in /etc/nginx/sites-enabled/geo.conf:26
2026/03/02 19:48:33 [warn] 1#1: the "listen ... http2" directive is deprecated, use the "http2" directive instead in /etc/nginx/sites-enabled/geo.conf:37
2026/03/02 19:48:33 [emerg] 1#1: host not found in upstream "diet_frontend" in /etc/nginx/sites-enabled/diet.conf:63
2026/03/02 19:49:34 [warn] 1#1: the "listen ... http2" directive is deprecated, use the "http2" directive instead in /etc/nginx/sites-enabled/diet.conf:28
2026/03/02 19:49:34 [warn] 1#1: the "listen ... http2" directive is deprecated, use the "http2" directive instead in /etc/nginx/sites-enabled/diet.conf:39
2026/03/02 19:49:34 [warn] 1#1: the "listen ... http2" directive is deprecated, use the "http2" directive instead in /etc/nginx/sites-enabled/geo.conf:26
2026/03/02 19:49:34 [warn] 1#1: the "listen ... http2" directive is deprecated, use the "http2" directive instead in /etc/nginx/sites-enabled/geo.conf:37
2026/03/02 19:49:34 [emerg] 1#1: host not found in upstream "diet_frontend" in /etc/nginx/sites-enabled/diet.conf:63
2026/03/02 19:50:34 [warn] 1#1: the "listen ... http2" directive is deprecated, use the "http2" directive instead in /etc/nginx/sites-enabled/diet.conf:28
2026/03/02 19:50:34 [warn] 1#1: the "listen ... http2" directive is deprecated, use the "http2" directive instead in /etc/nginx/sites-enabled/diet.conf:39
2026/03/02 19:50:34 [warn] 1#1: the "listen ... http2" directive is deprecated, use the "http2" directive instead in /etc/nginx/sites-enabled/geo.conf:26
2026/03/02 19:50:34 [warn] 1#1: the "listen ... http2" directive is deprecated, use the "http2" directive instead in /etc/nginx/sites-enabled/geo.conf:37
2026/03/02 19:50:34 [emerg] 1#1: host not found in upstream "diet_frontend" in /etc/nginx/sites-enabled/diet.conf:63
2026/03/02 19:51:34 [warn] 1#1: the "listen ... http2" directive is deprecated, use the "http2" directive instead in /etc/nginx/sites-enabled/diet.conf:28
2026/03/02 19:51:34 [warn] 1#1: the "listen ... http2" directive is deprecated, use the "http2" directive instead in /etc/nginx/sites-enabled/diet.conf:39
2026/03/02 19:51:34 [warn] 1#1: the "listen ... http2" directive is deprecated, use the "http2" directive instead in /etc/nginx/sites-enabled/geo.conf:26
2026/03/02 19:51:34 [warn] 1#1: the "listen ... http2" directive is deprecated, use the "http2" directive instead in /etc/nginx/sites-enabled/geo.conf:37
2026/03/02 19:51:34 [emerg] 1#1: host not found in upstream "diet_frontend" in /etc/nginx/sites-enabled/diet.conf:63
2026/03/02 19:52:34 [warn] 1#1: the "listen ... http2" directive is deprecated, use the "http2" directive instead in /etc/nginx/sites-enabled/diet.conf:28
2026/03/02 19:52:34 [warn] 1#1: the "listen ... http2" directive is deprecated, use the "http2" directive instead in /etc/nginx/sites-enabled/diet.conf:39
2026/03/02 19:52:34 [warn] 1#1: the "listen ... http2" directive is deprecated, use the "http2" directive instead in /etc/nginx/sites-enabled/geo.conf:26
2026/03/02 19:52:34 [warn] 1#1: the "listen ... http2" directive is deprecated, use the "http2" directive instead in /etc/nginx/sites-enabled/geo.conf:37
2026/03/02 19:52:34 [emerg] 1#1: host not found in upstream "diet_frontend" in /etc/nginx/sites-enabled/diet.conf:63
2026/03/02 19:53:34 [warn] 1#1: the "listen ... http2" directive is deprecated, use the "http2" directive instead in /etc/nginx/sites-enabled/diet.conf:28
2026/03/02 19:53:34 [warn] 1#1: the "listen ... http2" directive is deprecated, use the "http2" directive instead in /etc/nginx/sites-enabled/diet.conf:39
2026/03/02 19:53:34 [warn] 1#1: the "listen ... http2" directive is deprecated, use the "http2" directive instead in /etc/nginx/sites-enabled/geo.conf:26
2026/03/02 19:53:34 [warn] 1#1: the "listen ... http2" directive is deprecated, use the "http2" directive instead in /etc/nginx/sites-enabled/geo.conf:37
2026/03/02 19:53:34 [emerg] 1#1: host not found in upstream "diet_frontend" in /etc/nginx/sites-enabled/diet.conf:63
2026/03/02 19:54:34 [warn] 1#1: the "listen ... http2" directive is deprecated, use the "http2" directive instead in /etc/nginx/sites-enabled/diet.conf:28
2026/03/02 19:54:34 [warn] 1#1: the "listen ... http2" directive is deprecated, use the "http2" directive instead in /etc/nginx/sites-enabled/diet.conf:39
2026/03/02 19:54:34 [warn] 1#1: the "listen ... http2" directive is deprecated, use the "http2" directive instead in /etc/nginx/sites-enabled/geo.conf:26
2026/03/02 19:54:34 [warn] 1#1: the "listen ... http2" directive is deprecated, use the "http2" directive instead in /etc/nginx/sites-enabled/geo.conf:37
2026/03/02 19:54:34 [emerg] 1#1: host not found in upstream "diet_frontend" in /etc/nginx/sites-enabled/diet.conf:63
2026/03/02 19:55:35 [warn] 1#1: the "listen ... http2" directive is deprecated, use the "http2" directive instead in /etc/nginx/sites-enabled/diet.conf:28
2026/03/02 19:55:35 [warn] 1#1: the "listen ... http2" directive is deprecated, use the "http2" directive instead in /etc/nginx/sites-enabled/diet.conf:39
2026/03/02 19:55:35 [warn] 1#1: the "listen ... http2" directive is deprecated, use the "http2" directive instead in /etc/nginx/sites-enabled/geo.conf:26
2026/03/02 19:55:35 [warn] 1#1: the "listen ... http2" directive is deprecated, use the "http2" directive instead in /etc/nginx/sites-enabled/geo.conf:37
2026/03/02 19:55:35 [emerg] 1#1: host not found in upstream "diet_frontend" in /etc/nginx/sites-enabled/diet.conf:63
2026/03/02 19:56:35 [warn] 1#1: the "listen ... http2" directive is deprecated, use the "http2" directive instead in /etc/nginx/sites-enabled/diet.conf:28
2026/03/02 19:56:35 [warn] 1#1: the "listen ... http2" directive is deprecated, use the "http2" directive instead in /etc/nginx/sites-enabled/diet.conf:39
2026/03/02 19:56:35 [warn] 1#1: the "listen ... http2" directive is deprecated, use the "http2" directive instead in /etc/nginx/sites-enabled/geo.conf:26
2026/03/02 19:56:35 [warn] 1#1: the "listen ... http2" directive is deprecated, use the "http2" directive instead in /etc/nginx/sites-enabled/geo.conf:37
2026/03/02 19:56:35 [emerg] 1#1: host not found in upstream "diet_frontend" in /etc/nginx/sites-enabled/diet.conf:63
2026/03/02 19:57:35 [warn] 1#1: the "listen ... http2" directive is deprecated, use the "http2" directive instead in /etc/nginx/sites-enabled/diet.conf:28
2026/03/02 19:57:35 [warn] 1#1: the "listen ... http2" directive is deprecated, use the "http2" directive instead in /etc/nginx/sites-enabled/diet.conf:39
2026/03/02 19:57:35 [warn] 1#1: the "listen ... http2" directive is deprecated, use the "http2" directive instead in /etc/nginx/sites-enabled/geo.conf:26
2026/03/02 19:57:35 [warn] 1#1: the "listen ... http2" directive is deprecated, use the "http2" directive instead in /etc/nginx/sites-enabled/geo.conf:37
2026/03/02 19:57:35 [emerg] 1#1: host not found in upstream "diet_frontend" in /etc/nginx/sites-enabled/diet.conf:63
2026/03/02 19:58:35 [warn] 1#1: the "listen ... http2" directive is deprecated, use the "http2" directive instead in /etc/nginx/sites-enabled/diet.conf:28
2026/03/02 19:58:35 [warn] 1#1: the "listen ... http2" directive is deprecated, use the "http2" directive instead in /etc/nginx/sites-enabled/diet.conf:39
2026/03/02 19:58:35 [warn] 1#1: the "listen ... http2" directive is deprecated, use the "http2" directive instead in /etc/nginx/sites-enabled/geo.conf:26
2026/03/02 19:58:35 [warn] 1#1: the "listen ... http2" directive is deprecated, use the "http2" directive instead in /etc/nginx/sites-enabled/geo.conf:37
2026/03/02 19:58:35 [emerg] 1#1: host not found in upstream "diet_frontend" in /etc/nginx/sites-enabled/diet.conf:63
2026/03/02 19:59:35 [warn] 1#1: the "listen ... http2" directive is deprecated, use the "http2" directive instead in /etc/nginx/sites-enabled/diet.conf:28
2026/03/02 19:59:35 [warn] 1#1: the "listen ... http2" directive is deprecated, use the "http2" directive instead in /etc/nginx/sites-enabled/diet.conf:39
2026/03/02 19:59:35 [warn] 1#1: the "listen ... http2" directive is deprecated, use the "http2" directive instead in /etc/nginx/sites-enabled/geo.conf:26
2026/03/02 19:59:35 [warn] 1#1: the "listen ... http2" directive is deprecated, use the "http2" directive instead in /etc/nginx/sites-enabled/geo.conf:37
2026/03/02 19:59:35 [emerg] 1#1: host not found in upstream "diet_frontend" in /etc/nginx/sites-enabled/diet.conf:63
2026/03/02 20:00:35 [warn] 1#1: the "listen ... http2" directive is deprecated, use the "http2" directive instead in /etc/nginx/sites-enabled/diet.conf:28
2026/03/02 20:00:35 [warn] 1#1: the "listen ... http2" directive is deprecated, use the "http2" directive instead in /etc/nginx/sites-enabled/diet.conf:39
2026/03/02 20:00:35 [warn] 1#1: the "listen ... http2" directive is deprecated, use the "http2" directive instead in /etc/nginx/sites-enabled/geo.conf:26
2026/03/02 20:00:35 [warn] 1#1: the "listen ... http2" directive is deprecated, use the "http2" directive instead in /etc/nginx/sites-enabled/geo.conf:37
2026/03/02 20:00:35 [emerg] 1#1: host not found in upstream "diet_frontend" in /etc/nginx/sites-enabled/diet.conf:63
2026/03/02 20:01:35 [warn] 1#1: the "listen ... http2" directive is deprecated, use the "http2" directive instead in /etc/nginx/sites-enabled/diet.conf:28
2026/03/02 20:01:35 [warn] 1#1: the "listen ... http2" directive is deprecated, use the "http2" directive instead in /etc/nginx/sites-enabled/diet.conf:39
2026/03/02 20:01:35 [warn] 1#1: the "listen ... http2" directive is deprecated, use the "http2" directive instead in /etc/nginx/sites-enabled/geo.conf:26
2026/03/02 20:01:35 [warn] 1#1: the "listen ... http2" directive is deprecated, use the "http2" directive instead in /etc/nginx/sites-enabled/geo.conf:37
2026/03/02 20:01:35 [emerg] 1#1: host not found in upstream "diet_frontend" in /etc/nginx/sites-enabled/diet.conf:63
2026/03/02 20:02:36 [warn] 1#1: the "listen ... http2" directive is deprecated, use the "http2" directive instead in /etc/nginx/sites-enabled/diet.conf:28
2026/03/02 20:02:36 [warn] 1#1: the "listen ... http2" directive is deprecated, use the "http2" directive instead in /etc/nginx/sites-enabled/diet.conf:39
2026/03/02 20:02:36 [warn] 1#1: the "listen ... http2" directive is deprecated, use the "http2" directive instead in /etc/nginx/sites-enabled/geo.conf:26
2026/03/02 20:02:36 [warn] 1#1: the "listen ... http2" directive is deprecated, use the "http2" directive instead in /etc/nginx/sites-enabled/geo.conf:37
2026/03/02 20:02:36 [emerg] 1#1: host not found in upstream "diet_frontend" in /etc/nginx/sites-enabled/diet.conf:63
2026/03/02 20:03:36 [warn] 1#1: the "listen ... http2" directive is deprecated, use the "http2" directive instead in /etc/nginx/sites-enabled/diet.conf:28
2026/03/02 20:03:36 [warn] 1#1: the "listen ... http2" directive is deprecated, use the "http2" directive instead in /etc/nginx/sites-enabled/diet.conf:39
2026/03/02 20:03:36 [warn] 1#1: the "listen ... http2" directive is deprecated, use the "http2" directive instead in /etc/nginx/sites-enabled/geo.conf:26
2026/03/02 20:03:36 [warn] 1#1: the "listen ... http2" directive is deprecated, use the "http2" directive instead in /etc/nginx/sites-enabled/geo.conf:37
2026/03/02 20:03:36 [emerg] 1#1: host not found in upstream "diet_frontend" in /etc/nginx/sites-enabled/diet.conf:63
2026/03/02 20:04:36 [warn] 1#1: the "listen ... http2" directive is deprecated, use the "http2" directive instead in /etc/nginx/sites-enabled/diet.conf:28
2026/03/02 20:04:36 [warn] 1#1: the "listen ... http2" directive is deprecated, use the "http2" directive instead in /etc/nginx/sites-enabled/diet.conf:39
2026/03/02 20:04:36 [warn] 1#1: the "listen ... http2" directive is deprecated, use the "http2" directive instead in /etc/nginx/sites-enabled/geo.conf:26
2026/03/02 20:04:36 [warn] 1#1: the "listen ... http2" directive is deprecated, use the "http2" directive instead in /etc/nginx/sites-enabled/geo.conf:37
2026/03/02 20:04:36 [emerg] 1#1: host not found in upstream "diet_frontend" in /etc/nginx/sites-enabled/diet.conf:63
2026/03/02 20:05:36 [warn] 1#1: the "listen ... http2" directive is deprecated, use the "http2" directive instead in /etc/nginx/sites-enabled/diet.conf:28
2026/03/02 20:05:36 [warn] 1#1: the "listen ... http2" directive is deprecated, use the "http2" directive instead in /etc/nginx/sites-enabled/diet.conf:39
2026/03/02 20:05:36 [warn] 1#1: the "listen ... http2" directive is deprecated, use the "http2" directive instead in /etc/nginx/sites-enabled/geo.conf:26
2026/03/02 20:05:36 [warn] 1#1: the "listen ... http2" directive is deprecated, use the "http2" directive instead in /etc/nginx/sites-enabled/geo.conf:37
2026/03/02 20:05:36 [emerg] 1#1: host not found in upstream "diet_frontend" in /etc/nginx/sites-enabled/diet.conf:63
2026/03/02 20:06:36 [warn] 1#1: the "listen ... http2" directive is deprecated, use the "http2" directive instead in /etc/nginx/sites-enabled/diet.conf:28
2026/03/02 20:06:36 [warn] 1#1: the "listen ... http2" directive is deprecated, use the "http2" directive instead in /etc/nginx/sites-enabled/diet.conf:39
2026/03/02 20:06:36 [warn] 1#1: the "listen ... http2" directive is deprecated, use the "http2" directive instead in /etc/nginx/sites-enabled/geo.conf:26
2026/03/02 20:06:36 [warn] 1#1: the "listen ... http2" directive is deprecated, use the "http2" directive instead in /etc/nginx/sites-enabled/geo.conf:37
2026/03/02 20:06:36 [emerg] 1#1: host not found in upstream "diet_frontend" in /etc/nginx/sites-enabled/diet.conf:63
2026/03/02 20:07:36 [warn] 1#1: the "listen ... http2" directive is deprecated, use the "http2" directive instead in /etc/nginx/sites-enabled/diet.conf:28
2026/03/02 20:07:36 [warn] 1#1: the "listen ... http2" directive is deprecated, use the "http2" directive instead in /etc/nginx/sites-enabled/diet.conf:39
2026/03/02 20:07:36 [warn] 1#1: the "listen ... http2" directive is deprecated, use the "http2" directive instead in /etc/nginx/sites-enabled/geo.conf:26
2026/03/02 20:07:36 [warn] 1#1: the "listen ... http2" directive is deprecated, use the "http2" directive instead in /etc/nginx/sites-enabled/geo.conf:37
2026/03/02 20:07:36 [emerg] 1#1: host not found in upstream "diet_frontend" in /etc/nginx/sites-enabled/diet.conf:63
2026/03/02 20:08:37 [warn] 1#1: the "listen ... http2" directive is deprecated, use the "http2" directive instead in /etc/nginx/sites-enabled/diet.conf:28
2026/03/02 20:08:37 [warn] 1#1: the "listen ... http2" directive is deprecated, use the "http2" directive instead in /etc/nginx/sites-enabled/diet.conf:39
2026/03/02 20:08:37 [warn] 1#1: the "listen ... http2" directive is deprecated, use the "http2" directive instead in /etc/nginx/sites-enabled/geo.conf:26
2026/03/02 20:08:37 [warn] 1#1: the "listen ... http2" directive is deprecated, use the "http2" directive instead in /etc/nginx/sites-enabled/geo.conf:37
2026/03/02 20:08:37 [emerg] 1#1: host not found in upstream "diet_frontend" in /etc/nginx/sites-enabled/diet.conf:63
2026/03/02 20:09:37 [warn] 1#1: the "listen ... http2" directive is deprecated, use the "http2" directive instead in /etc/nginx/sites-enabled/diet.conf:28
2026/03/02 20:09:37 [warn] 1#1: the "listen ... http2" directive is deprecated, use the "http2" directive instead in /etc/nginx/sites-enabled/diet.conf:39
2026/03/02 20:09:37 [warn] 1#1: the "listen ... http2" directive is deprecated, use the "http2" directive instead in /etc/nginx/sites-enabled/geo.conf:26
2026/03/02 20:09:37 [warn] 1#1: the "listen ... http2" directive is deprecated, use the "http2" directive instead in /etc/nginx/sites-enabled/geo.conf:37
2026/03/02 20:09:37 [emerg] 1#1: host not found in upstream "diet_frontend" in /etc/nginx/sites-enabled/diet.conf:63
2026/03/02 20:10:37 [warn] 1#1: the "listen ... http2" directive is deprecated, use the "http2" directive instead in /etc/nginx/sites-enabled/diet.conf:28
2026/03/02 20:10:37 [warn] 1#1: the "listen ... http2" directive is deprecated, use the "http2" directive instead in /etc/nginx/sites-enabled/diet.conf:39
2026/03/02 20:10:37 [warn] 1#1: the "listen ... http2" directive is deprecated, use the "http2" directive instead in /etc/nginx/sites-enabled/geo.conf:26
2026/03/02 20:10:37 [warn] 1#1: the "listen ... http2" directive is deprecated, use the "http2" directive instead in /etc/nginx/sites-enabled/geo.conf:37
2026/03/02 20:10:37 [emerg] 1#1: host not found in upstream "diet_frontend" in /etc/nginx/sites-enabled/diet.conf:63
2026/03/02 20:11:37 [warn] 1#1: the "listen ... http2" directive is deprecated, use the "http2" directive instead in /etc/nginx/sites-enabled/diet.conf:28
2026/03/02 20:11:37 [warn] 1#1: the "listen ... http2" directive is deprecated, use the "http2" directive instead in /etc/nginx/sites-enabled/diet.conf:39
2026/03/02 20:11:37 [warn] 1#1: the "listen ... http2" directive is deprecated, use the "http2" directive instead in /etc/nginx/sites-enabled/geo.conf:26
2026/03/02 20:11:37 [warn] 1#1: the "listen ... http2" directive is deprecated, use the "http2" directive instead in /etc/nginx/sites-enabled/geo.conf:37
2026/03/02 20:11:37 [emerg] 1#1: host not found in upstream "diet_frontend" in /etc/nginx/sites-enabled/diet.conf:63
2026/03/02 20:12:37 [warn] 1#1: the "listen ... http2" directive is deprecated, use the "http2" directive instead in /etc/nginx/sites-enabled/diet.conf:28
2026/03/02 20:12:37 [warn] 1#1: the "listen ... http2" directive is deprecated, use the "http2" directive instead in /etc/nginx/sites-enabled/diet.conf:39
2026/03/02 20:12:37 [warn] 1#1: the "listen ... http2" directive is deprecated, use the "http2" directive instead in /etc/nginx/sites-enabled/geo.conf:26
2026/03/02 20:12:37 [warn] 1#1: the "listen ... http2" directive is deprecated, use the "http2" directive instead in /etc/nginx/sites-enabled/geo.conf:37
2026/03/02 20:12:37 [emerg] 1#1: host not found in upstream "diet_frontend" in /etc/nginx/sites-enabled/diet.conf:63
2026/03/02 20:13:38 [warn] 1#1: the "listen ... http2" directive is deprecated, use the "http2" directive instead in /etc/nginx/sites-enabled/diet.conf:28
2026/03/02 20:13:38 [warn] 1#1: the "listen ... http2" directive is deprecated, use the "http2" directive instead in /etc/nginx/sites-enabled/diet.conf:39
2026/03/02 20:13:38 [warn] 1#1: the "listen ... http2" directive is deprecated, use the "http2" directive instead in /etc/nginx/sites-enabled/geo.conf:26
2026/03/02 20:13:38 [warn] 1#1: the "listen ... http2" directive is deprecated, use the "http2" directive instead in /etc/nginx/sites-enabled/geo.conf:37
2026/03/02 20:13:38 [emerg] 1#1: host not found in upstream "diet_frontend" in /etc/nginx/sites-enabled/diet.conf:63
2026/03/02 20:14:38 [warn] 1#1: the "listen ... http2" directive is deprecated, use the "http2" directive instead in /etc/nginx/sites-enabled/diet.conf:28
2026/03/02 20:14:38 [warn] 1#1: the "listen ... http2" directive is deprecated, use the "http2" directive instead in /etc/nginx/sites-enabled/diet.conf:39
2026/03/02 20:14:38 [warn] 1#1: the "listen ... http2" directive is deprecated, use the "http2" directive instead in /etc/nginx/sites-enabled/geo.conf:26
2026/03/02 20:14:38 [warn] 1#1: the "listen ... http2" directive is deprecated, use the "http2" directive instead in /etc/nginx/sites-enabled/geo.conf:37
2026/03/02 20:14:38 [emerg] 1#1: host not found in upstream "diet_frontend" in /etc/nginx/sites-enabled/diet.conf:63
2026/03/02 20:15:38 [warn] 1#1: the "listen ... http2" directive is deprecated, use the "http2" directive instead in /etc/nginx/sites-enabled/diet.conf:28
2026/03/02 20:15:38 [warn] 1#1: the "listen ... http2" directive is deprecated, use the "http2" directive instead in /etc/nginx/sites-enabled/diet.conf:39
2026/03/02 20:15:38 [warn] 1#1: the "listen ... http2" directive is deprecated, use the "http2" directive instead in /etc/nginx/sites-enabled/geo.conf:26
2026/03/02 20:15:38 [warn] 1#1: the "listen ... http2" directive is deprecated, use the "http2" directive instead in /etc/nginx/sites-enabled/geo.conf:37
2026/03/02 20:15:38 [emerg] 1#1: host not found in upstream "diet_frontend" in /etc/nginx/sites-enabled/diet.conf:63
2026/03/02 20:16:38 [warn] 1#1: the "listen ... http2" directive is deprecated, use the "http2" directive instead in /etc/nginx/sites-enabled/diet.conf:28
2026/03/02 20:16:38 [warn] 1#1: the "listen ... http2" directive is deprecated, use the "http2" directive instead in /etc/nginx/sites-enabled/diet.conf:39
2026/03/02 20:16:38 [warn] 1#1: the "listen ... http2" directive is deprecated, use the "http2" directive instead in /etc/nginx/sites-enabled/geo.conf:26
2026/03/02 20:16:38 [warn] 1#1: the "listen ... http2" directive is deprecated, use the "http2" directive instead in /etc/nginx/sites-enabled/geo.conf:37
2026/03/02 20:16:38 [emerg] 1#1: host not found in upstream "diet_frontend" in /etc/nginx/sites-enabled/diet.conf:63
2026/03/02 20:17:38 [warn] 1#1: the "listen ... http2" directive is deprecated, use the "http2" directive instead in /etc/nginx/sites-enabled/diet.conf:28
2026/03/02 20:17:38 [warn] 1#1: the "listen ... http2" directive is deprecated, use the "http2" directive instead in /etc/nginx/sites-enabled/diet.conf:39
2026/03/02 20:17:38 [warn] 1#1: the "listen ... http2" directive is deprecated, use the "http2" directive instead in /etc/nginx/sites-enabled/geo.conf:26
2026/03/02 20:17:38 [warn] 1#1: the "listen ... http2" directive is deprecated, use the "http2" directive instead in /etc/nginx/sites-enabled/geo.conf:37
2026/03/02 20:17:38 [emerg] 1#1: host not found in upstream "diet_frontend" in /etc/nginx/sites-enabled/diet.conf:63
2026/03/02 20:18:38 [warn] 1#1: the "listen ... http2" directive is deprecated, use the "http2" directive instead in /etc/nginx/sites-enabled/diet.conf:28
2026/03/02 20:18:38 [warn] 1#1: the "listen ... http2" directive is deprecated, use the "http2" directive instead in /etc/nginx/sites-enabled/diet.conf:39
2026/03/02 20:18:38 [warn] 1#1: the "listen ... http2" directive is deprecated, use the "http2" directive instead in /etc/nginx/sites-enabled/geo.conf:26
2026/03/02 20:18:38 [warn] 1#1: the "listen ... http2" directive is deprecated, use the "http2" directive instead in /etc/nginx/sites-enabled/geo.conf:37
2026/03/02 20:18:38 [emerg] 1#1: host not found in upstream "diet_frontend" in /etc/nginx/sites-enabled/diet.conf:63
2026/03/02 20:19:38 [warn] 1#1: the "listen ... http2" directive is deprecated, use the "http2" directive instead in /etc/nginx/sites-enabled/diet.conf:28
2026/03/02 20:19:38 [warn] 1#1: the "listen ... http2" directive is deprecated, use the "http2" directive instead in /etc/nginx/sites-enabled/diet.conf:39
2026/03/02 20:19:38 [warn] 1#1: the "listen ... http2" directive is deprecated, use the "http2" directive instead in /etc/nginx/sites-enabled/geo.conf:26
2026/03/02 20:19:38 [warn] 1#1: the "listen ... http2" directive is deprecated, use the "http2" directive instead in /etc/nginx/sites-enabled/geo.conf:37
2026/03/02 20:19:38 [emerg] 1#1: host not found in upstream "diet_frontend" in /etc/nginx/sites-enabled/diet.conf:63
2026/03/02 20:20:39 [warn] 1#1: the "listen ... http2" directive is deprecated, use the "http2" directive instead in /etc/nginx/sites-enabled/diet.conf:28
2026/03/02 20:20:39 [warn] 1#1: the "listen ... http2" directive is deprecated, use the "http2" directive instead in /etc/nginx/sites-enabled/diet.conf:39
2026/03/02 20:20:39 [warn] 1#1: the "listen ... http2" directive is deprecated, use the "http2" directive instead in /etc/nginx/sites-enabled/geo.conf:26
2026/03/02 20:20:39 [warn] 1#1: the "listen ... http2" directive is deprecated, use the "http2" directive instead in /etc/nginx/sites-enabled/geo.conf:37
2026/03/02 20:20:39 [emerg] 1#1: host not found in upstream "diet_frontend" in /etc/nginx/sites-enabled/diet.conf:63
2026/03/02 20:21:39 [warn] 1#1: the "listen ... http2" directive is deprecated, use the "http2" directive instead in /etc/nginx/sites-enabled/diet.conf:28
2026/03/02 20:21:39 [warn] 1#1: the "listen ... http2" directive is deprecated, use the "http2" directive instead in /etc/nginx/sites-enabled/diet.conf:39
2026/03/02 20:21:39 [warn] 1#1: the "listen ... http2" directive is deprecated, use the "http2" directive instead in /etc/nginx/sites-enabled/geo.conf:26
2026/03/02 20:21:39 [warn] 1#1: the "listen ... http2" directive is deprecated, use the "http2" directive instead in /etc/nginx/sites-enabled/geo.conf:37
2026/03/02 20:21:39 [emerg] 1#1: host not found in upstream "diet_frontend" in /etc/nginx/sites-enabled/diet.conf:63
2026/03/02 20:22:39 [warn] 1#1: the "listen ... http2" directive is deprecated, use the "http2" directive instead in /etc/nginx/sites-enabled/diet.conf:28
2026/03/02 20:22:39 [warn] 1#1: the "listen ... http2" directive is deprecated, use the "http2" directive instead in /etc/nginx/sites-enabled/diet.conf:39
2026/03/02 20:22:39 [warn] 1#1: the "listen ... http2" directive is deprecated, use the "http2" directive instead in /etc/nginx/sites-enabled/geo.conf:26
2026/03/02 20:22:39 [warn] 1#1: the "listen ... http2" directive is deprecated, use the "http2" directive instead in /etc/nginx/sites-enabled/geo.conf:37
2026/03/02 20:22:39 [emerg] 1#1: host not found in upstream "diet_frontend" in /etc/nginx/sites-enabled/diet.conf:63
2026/03/02 20:23:39 [warn] 1#1: the "listen ... http2" directive is deprecated, use the "http2" directive instead in /etc/nginx/sites-enabled/diet.conf:28
2026/03/02 20:23:39 [warn] 1#1: the "listen ... http2" directive is deprecated, use the "http2" directive instead in /etc/nginx/sites-enabled/diet.conf:39
2026/03/02 20:23:39 [warn] 1#1: the "listen ... http2" directive is deprecated, use the "http2" directive instead in /etc/nginx/sites-enabled/geo.conf:26
2026/03/02 20:23:39 [warn] 1#1: the "listen ... http2" directive is deprecated, use the "http2" directive instead in /etc/nginx/sites-enabled/geo.conf:37
2026/03/02 20:23:39 [emerg] 1#1: host not found in upstream "diet_frontend" in /etc/nginx/sites-enabled/diet.conf:63
2026/03/02 20:24:39 [warn] 1#1: the "listen ... http2" directive is deprecated, use the "http2" directive instead in /etc/nginx/sites-enabled/diet.conf:28
2026/03/02 20:24:39 [warn] 1#1: the "listen ... http2" directive is deprecated, use the "http2" directive instead in /etc/nginx/sites-enabled/diet.conf:39
2026/03/02 20:24:39 [warn] 1#1: the "listen ... http2" directive is deprecated, use the "http2" directive instead in /etc/nginx/sites-enabled/geo.conf:26
2026/03/02 20:24:39 [warn] 1#1: the "listen ... http2" directive is deprecated, use the "http2" directive instead in /etc/nginx/sites-enabled/geo.conf:37
2026/03/02 20:24:39 [emerg] 1#1: host not found in upstream "diet_frontend" in /etc/nginx/sites-enabled/diet.conf:63
2026/03/02 20:25:39 [warn] 1#1: the "listen ... http2" directive is deprecated, use the "http2" directive instead in /etc/nginx/sites-enabled/diet.conf:28
2026/03/02 20:25:39 [warn] 1#1: the "listen ... http2" directive is deprecated, use the "http2" directive instead in /etc/nginx/sites-enabled/diet.conf:39
2026/03/02 20:25:39 [warn] 1#1: the "listen ... http2" directive is deprecated, use the "http2" directive instead in /etc/nginx/sites-enabled/geo.conf:26
2026/03/02 20:25:39 [warn] 1#1: the "listen ... http2" directive is deprecated, use the "http2" directive instead in /etc/nginx/sites-enabled/geo.conf:37
2026/03/02 20:25:39 [emerg] 1#1: host not found in upstream "diet_frontend" in /etc/nginx/sites-enabled/diet.conf:63
2026/03/02 20:26:40 [warn] 1#1: the "listen ... http2" directive is deprecated, use the "http2" directive instead in /etc/nginx/sites-enabled/diet.conf:28
2026/03/02 20:26:40 [warn] 1#1: the "listen ... http2" directive is deprecated, use the "http2" directive instead in /etc/nginx/sites-enabled/diet.conf:39
2026/03/02 20:26:40 [warn] 1#1: the "listen ... http2" directive is deprecated, use the "http2" directive instead in /etc/nginx/sites-enabled/geo.conf:26
2026/03/02 20:26:40 [warn] 1#1: the "listen ... http2" directive is deprecated, use the "http2" directive instead in /etc/nginx/sites-enabled/geo.conf:37
2026/03/02 20:26:40 [emerg] 1#1: host not found in upstream "diet_frontend" in /etc/nginx/sites-enabled/diet.conf:63
2026/03/02 20:27:40 [warn] 1#1: the "listen ... http2" directive is deprecated, use the "http2" directive instead in /etc/nginx/sites-enabled/diet.conf:28
2026/03/02 20:27:40 [warn] 1#1: the "listen ... http2" directive is deprecated, use the "http2" directive instead in /etc/nginx/sites-enabled/diet.conf:39
2026/03/02 20:27:40 [warn] 1#1: the "listen ... http2" directive is deprecated, use the "http2" directive instead in /etc/nginx/sites-enabled/geo.conf:26
2026/03/02 20:27:40 [warn] 1#1: the "listen ... http2" directive is deprecated, use the "http2" directive instead in /etc/nginx/sites-enabled/geo.conf:37
2026/03/02 20:27:40 [emerg] 1#1: host not found in upstream "diet_frontend" in /etc/nginx/sites-enabled/diet.conf:63
2026/03/02 20:28:40 [warn] 1#1: the "listen ... http2" directive is deprecated, use the "http2" directive instead in /etc/nginx/sites-enabled/diet.conf:28
2026/03/02 20:28:40 [warn] 1#1: the "listen ... http2" directive is deprecated, use the "http2" directive instead in /etc/nginx/sites-enabled/diet.conf:39
2026/03/02 20:28:40 [warn] 1#1: the "listen ... http2" directive is deprecated, use the "http2" directive instead in /etc/nginx/sites-enabled/geo.conf:26
2026/03/02 20:28:40 [warn] 1#1: the "listen ... http2" directive is deprecated, use the "http2" directive instead in /etc/nginx/sites-enabled/geo.conf:37
2026/03/02 20:28:40 [emerg] 1#1: host not found in upstream "diet_frontend" in /etc/nginx/sites-enabled/diet.conf:63
2026/03/02 20:29:40 [warn] 1#1: the "listen ... http2" directive is deprecated, use the "http2" directive instead in /etc/nginx/sites-enabled/diet.conf:28
2026/03/02 20:29:40 [warn] 1#1: the "listen ... http2" directive is deprecated, use the "http2" directive instead in /etc/nginx/sites-enabled/diet.conf:39
2026/03/02 20:29:40 [warn] 1#1: the "listen ... http2" directive is deprecated, use the "http2" directive instead in /etc/nginx/sites-enabled/geo.conf:26
2026/03/02 20:29:40 [warn] 1#1: the "listen ... http2" directive is deprecated, use the "http2" directive instead in /etc/nginx/sites-enabled/geo.conf:37
2026/03/02 20:29:40 [emerg] 1#1: host not found in upstream "diet_frontend" in /etc/nginx/sites-enabled/diet.conf:63
2026/03/02 20:30:40 [warn] 1#1: the "listen ... http2" directive is deprecated, use the "http2" directive instead in /etc/nginx/sites-enabled/diet.conf:28
2026/03/02 20:30:40 [warn] 1#1: the "listen ... http2" directive is deprecated, use the "http2" directive instead in /etc/nginx/sites-enabled/diet.conf:39
2026/03/02 20:30:40 [warn] 1#1: the "listen ... http2" directive is deprecated, use the "http2" directive instead in /etc/nginx/sites-enabled/geo.conf:26
2026/03/02 20:30:40 [warn] 1#1: the "listen ... http2" directive is deprecated, use the "http2" directive instead in /etc/nginx/sites-enabled/geo.conf:37
2026/03/02 20:30:40 [emerg] 1#1: host not found in upstream "diet_frontend" in /etc/nginx/sites-enabled/diet.conf:63
2026/03/02 20:31:40 [warn] 1#1: the "listen ... http2" directive is deprecated, use the "http2" directive instead in /etc/nginx/sites-enabled/diet.conf:28
2026/03/02 20:31:40 [warn] 1#1: the "listen ... http2" directive is deprecated, use the "http2" directive instead in /etc/nginx/sites-enabled/diet.conf:39
2026/03/02 20:31:40 [warn] 1#1: the "listen ... http2" directive is deprecated, use the "http2" directive instead in /etc/nginx/sites-enabled/geo.conf:26
2026/03/02 20:31:40 [warn] 1#1: the "listen ... http2" directive is deprecated, use the "http2" directive instead in /etc/nginx/sites-enabled/geo.conf:37
2026/03/02 20:31:40 [emerg] 1#1: host not found in upstream "diet_frontend" in /etc/nginx/sites-enabled/diet.conf:63
2026/03/02 20:32:41 [warn] 1#1: the "listen ... http2" directive is deprecated, use the "http2" directive instead in /etc/nginx/sites-enabled/diet.conf:28
2026/03/02 20:32:41 [warn] 1#1: the "listen ... http2" directive is deprecated, use the "http2" directive instead in /etc/nginx/sites-enabled/diet.conf:39
2026/03/02 20:32:41 [warn] 1#1: the "listen ... http2" directive is deprecated, use the "http2" directive instead in /etc/nginx/sites-enabled/geo.conf:26
2026/03/02 20:32:41 [warn] 1#1: the "listen ... http2" directive is deprecated, use the "http2" directive instead in /etc/nginx/sites-enabled/geo.conf:37
2026/03/02 20:32:41 [emerg] 1#1: host not found in upstream "diet_frontend" in /etc/nginx/sites-enabled/diet.conf:63
2026/03/02 20:33:41 [warn] 1#1: the "listen ... http2" directive is deprecated, use the "http2" directive instead in /etc/nginx/sites-enabled/diet.conf:28
2026/03/02 20:33:41 [warn] 1#1: the "listen ... http2" directive is deprecated, use the "http2" directive instead in /etc/nginx/sites-enabled/diet.conf:39
2026/03/02 20:33:41 [warn] 1#1: the "listen ... http2" directive is deprecated, use the "http2" directive instead in /etc/nginx/sites-enabled/geo.conf:26
2026/03/02 20:33:41 [warn] 1#1: the "listen ... http2" directive is deprecated, use the "http2" directive instead in /etc/nginx/sites-enabled/geo.conf:37
2026/03/02 20:33:41 [emerg] 1#1: host not found in upstream "diet_frontend" in /etc/nginx/sites-enabled/diet.conf:63
2026/03/02 20:34:41 [warn] 1#1: the "listen ... http2" directive is deprecated, use the "http2" directive instead in /etc/nginx/sites-enabled/diet.conf:28
2026/03/02 20:34:41 [warn] 1#1: the "listen ... http2" directive is deprecated, use the "http2" directive instead in /etc/nginx/sites-enabled/diet.conf:39
2026/03/02 20:34:41 [warn] 1#1: the "listen ... http2" directive is deprecated, use the "http2" directive instead in /etc/nginx/sites-enabled/geo.conf:26
2026/03/02 20:34:41 [warn] 1#1: the "listen ... http2" directive is deprecated, use the "http2" directive instead in /etc/nginx/sites-enabled/geo.conf:37
2026/03/02 20:34:41 [emerg] 1#1: host not found in upstream "diet_frontend" in /etc/nginx/sites-enabled/diet.conf:63
2026/03/02 20:35:41 [warn] 1#1: the "listen ... http2" directive is deprecated, use the "http2" directive instead in /etc/nginx/sites-enabled/diet.conf:28
2026/03/02 20:35:41 [warn] 1#1: the "listen ... http2" directive is deprecated, use the "http2" directive instead in /etc/nginx/sites-enabled/diet.conf:39
2026/03/02 20:35:41 [warn] 1#1: the "listen ... http2" directive is deprecated, use the "http2" directive instead in /etc/nginx/sites-enabled/geo.conf:26
2026/03/02 20:35:41 [warn] 1#1: the "listen ... http2" directive is deprecated, use the "http2" directive instead in /etc/nginx/sites-enabled/geo.conf:37
2026/03/02 20:35:41 [emerg] 1#1: host not found in upstream "diet_frontend" in /etc/nginx/sites-enabled/diet.conf:63
2026/03/02 20:36:41 [warn] 1#1: the "listen ... http2" directive is deprecated, use the "http2" directive instead in /etc/nginx/sites-enabled/diet.conf:28
2026/03/02 20:36:41 [warn] 1#1: the "listen ... http2" directive is deprecated, use the "http2" directive instead in /etc/nginx/sites-enabled/diet.conf:39
2026/03/02 20:36:41 [warn] 1#1: the "listen ... http2" directive is deprecated, use the "http2" directive instead in /etc/nginx/sites-enabled/geo.conf:26
2026/03/02 20:36:41 [warn] 1#1: the "listen ... http2" directive is deprecated, use the "http2" directive instead in /etc/nginx/sites-enabled/geo.conf:37
2026/03/02 20:36:41 [emerg] 1#1: host not found in upstream "diet_frontend" in /etc/nginx/sites-enabled/diet.conf:63
2026/03/02 20:37:41 [warn] 1#1: the "listen ... http2" directive is deprecated, use the "http2" directive instead in /etc/nginx/sites-enabled/diet.conf:28
2026/03/02 20:37:41 [warn] 1#1: the "listen ... http2" directive is deprecated, use the "http2" directive instead in /etc/nginx/sites-enabled/diet.conf:39
2026/03/02 20:37:41 [warn] 1#1: the "listen ... http2" directive is deprecated, use the "http2" directive instead in /etc/nginx/sites-enabled/geo.conf:26
2026/03/02 20:37:41 [warn] 1#1: the "listen ... http2" directive is deprecated, use the "http2" directive instead in /etc/nginx/sites-enabled/geo.conf:37
2026/03/02 20:37:41 [emerg] 1#1: host not found in upstream "diet_frontend" in /etc/nginx/sites-enabled/diet.conf:63
2026/03/02 20:38:42 [warn] 1#1: the "listen ... http2" directive is deprecated, use the "http2" directive instead in /etc/nginx/sites-enabled/diet.conf:28
2026/03/02 20:38:42 [warn] 1#1: the "listen ... http2" directive is deprecated, use the "http2" directive instead in /etc/nginx/sites-enabled/diet.conf:39
2026/03/02 20:38:42 [warn] 1#1: the "listen ... http2" directive is deprecated, use the "http2" directive instead in /etc/nginx/sites-enabled/geo.conf:26
2026/03/02 20:38:42 [warn] 1#1: the "listen ... http2" directive is deprecated, use the "http2" directive instead in /etc/nginx/sites-enabled/geo.conf:37
2026/03/02 20:38:42 [emerg] 1#1: host not found in upstream "diet_frontend" in /etc/nginx/sites-enabled/diet.conf:63
2026/03/02 20:39:42 [warn] 1#1: the "listen ... http2" directive is deprecated, use the "http2" directive instead in /etc/nginx/sites-enabled/diet.conf:28
2026/03/02 20:39:42 [warn] 1#1: the "listen ... http2" directive is deprecated, use the "http2" directive instead in /etc/nginx/sites-enabled/diet.conf:39
2026/03/02 20:39:42 [warn] 1#1: the "listen ... http2" directive is deprecated, use the "http2" directive instead in /etc/nginx/sites-enabled/geo.conf:26
2026/03/02 20:39:42 [warn] 1#1: the "listen ... http2" directive is deprecated, use the "http2" directive instead in /etc/nginx/sites-enabled/geo.conf:37
2026/03/02 20:39:42 [emerg] 1#1: host not found in upstream "diet_frontend" in /etc/nginx/sites-enabled/diet.conf:63
2026/03/02 20:40:42 [warn] 1#1: the "listen ... http2" directive is deprecated, use the "http2" directive instead in /etc/nginx/sites-enabled/diet.conf:28
2026/03/02 20:40:42 [warn] 1#1: the "listen ... http2" directive is deprecated, use the "http2" directive instead in /etc/nginx/sites-enabled/diet.conf:39
2026/03/02 20:40:42 [warn] 1#1: the "listen ... http2" directive is deprecated, use the "http2" directive instead in /etc/nginx/sites-enabled/geo.conf:26
2026/03/02 20:40:42 [warn] 1#1: the "listen ... http2" directive is deprecated, use the "http2" directive instead in /etc/nginx/sites-enabled/geo.conf:37
2026/03/02 20:40:42 [emerg] 1#1: host not found in upstream "diet_frontend" in /etc/nginx/sites-enabled/diet.conf:63
2026/03/02 20:41:42 [warn] 1#1: the "listen ... http2" directive is deprecated, use the "http2" directive instead in /etc/nginx/sites-enabled/diet.conf:28
2026/03/02 20:41:42 [warn] 1#1: the "listen ... http2" directive is deprecated, use the "http2" directive instead in /etc/nginx/sites-enabled/diet.conf:39
2026/03/02 20:41:42 [warn] 1#1: the "listen ... http2" directive is deprecated, use the "http2" directive instead in /etc/nginx/sites-enabled/geo.conf:26
2026/03/02 20:41:42 [warn] 1#1: the "listen ... http2" directive is deprecated, use the "http2" directive instead in /etc/nginx/sites-enabled/geo.conf:37
2026/03/02 20:41:42 [emerg] 1#1: host not found in upstream "diet_frontend" in /etc/nginx/sites-enabled/diet.conf:63
2026/03/02 20:42:42 [warn] 1#1: the "listen ... http2" directive is deprecated, use the "http2" directive instead in /etc/nginx/sites-enabled/diet.conf:28
2026/03/02 20:42:42 [warn] 1#1: the "listen ... http2" directive is deprecated, use the "http2" directive instead in /etc/nginx/sites-enabled/diet.conf:39
2026/03/02 20:42:42 [warn] 1#1: the "listen ... http2" directive is deprecated, use the "http2" directive instead in /etc/nginx/sites-enabled/geo.conf:26
2026/03/02 20:42:42 [warn] 1#1: the "listen ... http2" directive is deprecated, use the "http2" directive instead in /etc/nginx/sites-enabled/geo.conf:37
2026/03/02 20:42:42 [emerg] 1#1: host not found in upstream "diet_frontend" in /etc/nginx/sites-enabled/diet.conf:63
2026/03/02 20:43:42 [warn] 1#1: the "listen ... http2" directive is deprecated, use the "http2" directive instead in /etc/nginx/sites-enabled/diet.conf:28
2026/03/02 20:43:42 [warn] 1#1: the "listen ... http2" directive is deprecated, use the "http2" directive instead in /etc/nginx/sites-enabled/diet.conf:39
2026/03/02 20:43:42 [warn] 1#1: the "listen ... http2" directive is deprecated, use the "http2" directive instead in /etc/nginx/sites-enabled/geo.conf:26
2026/03/02 20:43:42 [warn] 1#1: the "listen ... http2" directive is deprecated, use the "http2" directive instead in /etc/nginx/sites-enabled/geo.conf:37
2026/03/02 20:43:42 [emerg] 1#1: host not found in upstream "diet_frontend" in /etc/nginx/sites-enabled/diet.conf:63
2026/03/02 20:44:42 [warn] 1#1: the "listen ... http2" directive is deprecated, use the "http2" directive instead in /etc/nginx/sites-enabled/diet.conf:28
2026/03/02 20:44:42 [warn] 1#1: the "listen ... http2" directive is deprecated, use the "http2" directive instead in /etc/nginx/sites-enabled/diet.conf:39
2026/03/02 20:44:42 [warn] 1#1: the "listen ... http2" directive is deprecated, use the "http2" directive instead in /etc/nginx/sites-enabled/geo.conf:26
2026/03/02 20:44:42 [warn] 1#1: the "listen ... http2" directive is deprecated, use the "http2" directive instead in /etc/nginx/sites-enabled/geo.conf:37
2026/03/02 20:44:42 [emerg] 1#1: host not found in upstream "diet_frontend" in /etc/nginx/sites-enabled/diet.conf:63
2026/03/02 20:45:43 [warn] 1#1: the "listen ... http2" directive is deprecated, use the "http2" directive instead in /etc/nginx/sites-enabled/diet.conf:28
2026/03/02 20:45:43 [warn] 1#1: the "listen ... http2" directive is deprecated, use the "http2" directive instead in /etc/nginx/sites-enabled/diet.conf:39
2026/03/02 20:45:43 [warn] 1#1: the "listen ... http2" directive is deprecated, use the "http2" directive instead in /etc/nginx/sites-enabled/geo.conf:26
2026/03/02 20:45:43 [warn] 1#1: the "listen ... http2" directive is deprecated, use the "http2" directive instead in /etc/nginx/sites-enabled/geo.conf:37
2026/03/02 20:45:43 [emerg] 1#1: host not found in upstream "diet_frontend" in /etc/nginx/sites-enabled/diet.conf:63
2026/03/02 20:46:43 [warn] 1#1: the "listen ... http2" directive is deprecated, use the "http2" directive instead in /etc/nginx/sites-enabled/diet.conf:28
2026/03/02 20:46:43 [warn] 1#1: the "listen ... http2" directive is deprecated, use the "http2" directive instead in /etc/nginx/sites-enabled/diet.conf:39
2026/03/02 20:46:43 [warn] 1#1: the "listen ... http2" directive is deprecated, use the "http2" directive instead in /etc/nginx/sites-enabled/geo.conf:26
2026/03/02 20:46:43 [warn] 1#1: the "listen ... http2" directive is deprecated, use the "http2" directive instead in /etc/nginx/sites-enabled/geo.conf:37
2026/03/02 20:46:43 [emerg] 1#1: host not found in upstream "diet_frontend" in /etc/nginx/sites-enabled/diet.conf:63
2026/03/02 20:47:43 [warn] 1#1: the "listen ... http2" directive is deprecated, use the "http2" directive instead in /etc/nginx/sites-enabled/diet.conf:28
2026/03/02 20:47:43 [warn] 1#1: the "listen ... http2" directive is deprecated, use the "http2" directive instead in /etc/nginx/sites-enabled/diet.conf:39
2026/03/02 20:47:43 [warn] 1#1: the "listen ... http2" directive is deprecated, use the "http2" directive instead in /etc/nginx/sites-enabled/geo.conf:26
2026/03/02 20:47:43 [warn] 1#1: the "listen ... http2" directive is deprecated, use the "http2" directive instead in /etc/nginx/sites-enabled/geo.conf:37
2026/03/02 20:47:43 [emerg] 1#1: host not found in upstream "diet_frontend" in /etc/nginx/sites-enabled/diet.conf:63
2026/03/02 20:48:43 [warn] 1#1: the "listen ... http2" directive is deprecated, use the "http2" directive instead in /etc/nginx/sites-enabled/diet.conf:28
2026/03/02 20:48:43 [warn] 1#1: the "listen ... http2" directive is deprecated, use the "http2" directive instead in /etc/nginx/sites-enabled/diet.conf:39
2026/03/02 20:48:43 [warn] 1#1: the "listen ... http2" directive is deprecated, use the "http2" directive instead in /etc/nginx/sites-enabled/geo.conf:26
2026/03/02 20:48:43 [warn] 1#1: the "listen ... http2" directive is deprecated, use the "http2" directive instead in /etc/nginx/sites-enabled/geo.conf:37
2026/03/02 20:48:43 [emerg] 1#1: host not found in upstream "diet_frontend" in /etc/nginx/sites-enabled/diet.conf:63
2026/03/02 20:49:43 [warn] 1#1: the "listen ... http2" directive is deprecated, use the "http2" directive instead in /etc/nginx/sites-enabled/diet.conf:28
2026/03/02 20:49:43 [warn] 1#1: the "listen ... http2" directive is deprecated, use the "http2" directive instead in /etc/nginx/sites-enabled/diet.conf:39
2026/03/02 20:49:43 [warn] 1#1: the "listen ... http2" directive is deprecated, use the "http2" directive instead in /etc/nginx/sites-enabled/geo.conf:26
2026/03/02 20:49:43 [warn] 1#1: the "listen ... http2" directive is deprecated, use the "http2" directive instead in /etc/nginx/sites-enabled/geo.conf:37
2026/03/02 20:49:43 [emerg] 1#1: host not found in upstream "diet_frontend" in /etc/nginx/sites-enabled/diet.conf:63
2026/03/02 20:50:43 [warn] 1#1: the "listen ... http2" directive is deprecated, use the "http2" directive instead in /etc/nginx/sites-enabled/diet.conf:28
2026/03/02 20:50:43 [warn] 1#1: the "listen ... http2" directive is deprecated, use the "http2" directive instead in /etc/nginx/sites-enabled/diet.conf:39
2026/03/02 20:50:43 [warn] 1#1: the "listen ... http2" directive is deprecated, use the "http2" directive instead in /etc/nginx/sites-enabled/geo.conf:26
2026/03/02 20:50:43 [warn] 1#1: the "listen ... http2" directive is deprecated, use the "http2" directive instead in /etc/nginx/sites-enabled/geo.conf:37
2026/03/02 20:50:43 [emerg] 1#1: host not found in upstream "diet_frontend" in /etc/nginx/sites-enabled/diet.conf:63
2026/03/02 20:51:43 [warn] 1#1: the "listen ... http2" directive is deprecated, use the "http2" directive instead in /etc/nginx/sites-enabled/diet.conf:28
2026/03/02 20:51:43 [warn] 1#1: the "listen ... http2" directive is deprecated, use the "http2" directive instead in /etc/nginx/sites-enabled/diet.conf:39
2026/03/02 20:51:43 [warn] 1#1: the "listen ... http2" directive is deprecated, use the "http2" directive instead in /etc/nginx/sites-enabled/geo.conf:26
2026/03/02 20:51:43 [warn] 1#1: the "listen ... http2" directive is deprecated, use the "http2" directive instead in /etc/nginx/sites-enabled/geo.conf:37
2026/03/02 20:51:43 [emerg] 1#1: host not found in upstream "diet_frontend" in /etc/nginx/sites-enabled/diet.conf:63
2026/03/02 20:52:44 [warn] 1#1: the "listen ... http2" directive is deprecated, use the "http2" directive instead in /etc/nginx/sites-enabled/diet.conf:28
2026/03/02 20:52:44 [warn] 1#1: the "listen ... http2" directive is deprecated, use the "http2" directive instead in /etc/nginx/sites-enabled/diet.conf:39
2026/03/02 20:52:44 [warn] 1#1: the "listen ... http2" directive is deprecated, use the "http2" directive instead in /etc/nginx/sites-enabled/geo.conf:26
2026/03/02 20:52:44 [warn] 1#1: the "listen ... http2" directive is deprecated, use the "http2" directive instead in /etc/nginx/sites-enabled/geo.conf:37
2026/03/02 20:52:44 [emerg] 1#1: host not found in upstream "diet_frontend" in /etc/nginx/sites-enabled/diet.conf:63
2026/03/02 20:53:44 [warn] 1#1: the "listen ... http2" directive is deprecated, use the "http2" directive instead in /etc/nginx/sites-enabled/diet.conf:28
2026/03/02 20:53:44 [warn] 1#1: the "listen ... http2" directive is deprecated, use the "http2" directive instead in /etc/nginx/sites-enabled/diet.conf:39
2026/03/02 20:53:44 [warn] 1#1: the "listen ... http2" directive is deprecated, use the "http2" directive instead in /etc/nginx/sites-enabled/geo.conf:26
2026/03/02 20:53:44 [warn] 1#1: the "listen ... http2" directive is deprecated, use the "http2" directive instead in /etc/nginx/sites-enabled/geo.conf:37
2026/03/02 20:53:44 [emerg] 1#1: host not found in upstream "diet_frontend" in /etc/nginx/sites-enabled/diet.conf:63
2026/03/02 20:54:44 [warn] 1#1: the "listen ... http2" directive is deprecated, use the "http2" directive instead in /etc/nginx/sites-enabled/diet.conf:28
2026/03/02 20:54:44 [warn] 1#1: the "listen ... http2" directive is deprecated, use the "http2" directive instead in /etc/nginx/sites-enabled/diet.conf:39
2026/03/02 20:54:44 [warn] 1#1: the "listen ... http2" directive is deprecated, use the "http2" directive instead in /etc/nginx/sites-enabled/geo.conf:26
2026/03/02 20:54:44 [warn] 1#1: the "listen ... http2" directive is deprecated, use the "http2" directive instead in /etc/nginx/sites-enabled/geo.conf:37
2026/03/02 20:54:44 [emerg] 1#1: host not found in upstream "diet_frontend" in /etc/nginx/sites-enabled/diet.conf:63
2026/03/02 20:55:44 [warn] 1#1: the "listen ... http2" directive is deprecated, use the "http2" directive instead in /etc/nginx/sites-enabled/diet.conf:28
2026/03/02 20:55:44 [warn] 1#1: the "listen ... http2" directive is deprecated, use the "http2" directive instead in /etc/nginx/sites-enabled/diet.conf:39
2026/03/02 20:55:44 [warn] 1#1: the "listen ... http2" directive is deprecated, use the "http2" directive instead in /etc/nginx/sites-enabled/geo.conf:26
2026/03/02 20:55:44 [warn] 1#1: the "listen ... http2" directive is deprecated, use the "http2" directive instead in /etc/nginx/sites-enabled/geo.conf:37
2026/03/02 20:55:44 [emerg] 1#1: host not found in upstream "diet_frontend" in /etc/nginx/sites-enabled/diet.conf:63
2026/03/02 20:56:44 [warn] 1#1: the "listen ... http2" directive is deprecated, use the "http2" directive instead in /etc/nginx/sites-enabled/diet.conf:28
2026/03/02 20:56:44 [warn] 1#1: the "listen ... http2" directive is deprecated, use the "http2" directive instead in /etc/nginx/sites-enabled/diet.conf:39
2026/03/02 20:56:44 [warn] 1#1: the "listen ... http2" directive is deprecated, use the "http2" directive instead in /etc/nginx/sites-enabled/geo.conf:26
2026/03/02 20:56:44 [warn] 1#1: the "listen ... http2" directive is deprecated, use the "http2" directive instead in /etc/nginx/sites-enabled/geo.conf:37
2026/03/02 20:56:44 [emerg] 1#1: host not found in upstream "diet_frontend" in /etc/nginx/sites-enabled/diet.conf:63
2026/03/02 20:57:44 [warn] 1#1: the "listen ... http2" directive is deprecated, use the "http2" directive instead in /etc/nginx/sites-enabled/diet.conf:28
2026/03/02 20:57:44 [warn] 1#1: the "listen ... http2" directive is deprecated, use the "http2" directive instead in /etc/nginx/sites-enabled/diet.conf:39
2026/03/02 20:57:44 [warn] 1#1: the "listen ... http2" directive is deprecated, use the "http2" directive instead in /etc/nginx/sites-enabled/geo.conf:26
2026/03/02 20:57:44 [warn] 1#1: the "listen ... http2" directive is deprecated, use the "http2" directive instead in /etc/nginx/sites-enabled/geo.conf:37
2026/03/02 20:57:44 [emerg] 1#1: host not found in upstream "diet_frontend" in /etc/nginx/sites-enabled/diet.conf:63
2026/03/02 20:58:45 [warn] 1#1: the "listen ... http2" directive is deprecated, use the "http2" directive instead in /etc/nginx/sites-enabled/diet.conf:28
2026/03/02 20:58:45 [warn] 1#1: the "listen ... http2" directive is deprecated, use the "http2" directive instead in /etc/nginx/sites-enabled/diet.conf:39
2026/03/02 20:58:45 [warn] 1#1: the "listen ... http2" directive is deprecated, use the "http2" directive instead in /etc/nginx/sites-enabled/geo.conf:26
2026/03/02 20:58:45 [warn] 1#1: the "listen ... http2" directive is deprecated, use the "http2" directive instead in /etc/nginx/sites-enabled/geo.conf:37
2026/03/02 20:58:45 [emerg] 1#1: host not found in upstream "diet_frontend" in /etc/nginx/sites-enabled/diet.conf:63
2026/03/02 20:59:45 [warn] 1#1: the "listen ... http2" directive is deprecated, use the "http2" directive instead in /etc/nginx/sites-enabled/diet.conf:28
2026/03/02 20:59:45 [warn] 1#1: the "listen ... http2" directive is deprecated, use the "http2" directive instead in /etc/nginx/sites-enabled/diet.conf:39
2026/03/02 20:59:45 [warn] 1#1: the "listen ... http2" directive is deprecated, use the "http2" directive instead in /etc/nginx/sites-enabled/geo.conf:26
2026/03/02 20:59:45 [warn] 1#1: the "listen ... http2" directive is deprecated, use the "http2" directive instead in /etc/nginx/sites-enabled/geo.conf:37
2026/03/02 20:59:45 [emerg] 1#1: host not found in upstream "diet_frontend" in /etc/nginx/sites-enabled/diet.conf:63
2026/03/02 21:00:45 [warn] 1#1: the "listen ... http2" directive is deprecated, use the "http2" directive instead in /etc/nginx/sites-enabled/diet.conf:28
2026/03/02 21:00:45 [warn] 1#1: the "listen ... http2" directive is deprecated, use the "http2" directive instead in /etc/nginx/sites-enabled/diet.conf:39
2026/03/02 21:00:45 [warn] 1#1: the "listen ... http2" directive is deprecated, use the "http2" directive instead in /etc/nginx/sites-enabled/geo.conf:26
2026/03/02 21:00:45 [warn] 1#1: the "listen ... http2" directive is deprecated, use the "http2" directive instead in /etc/nginx/sites-enabled/geo.conf:37
2026/03/02 21:00:45 [emerg] 1#1: host not found in upstream "diet_frontend" in /etc/nginx/sites-enabled/diet.conf:63
2026/03/02 21:01:45 [warn] 1#1: the "listen ... http2" directive is deprecated, use the "http2" directive instead in /etc/nginx/sites-enabled/diet.conf:28
2026/03/02 21:01:45 [warn] 1#1: the "listen ... http2" directive is deprecated, use the "http2" directive instead in /etc/nginx/sites-enabled/diet.conf:39
2026/03/02 21:01:45 [warn] 1#1: the "listen ... http2" directive is deprecated, use the "http2" directive instead in /etc/nginx/sites-enabled/geo.conf:26
2026/03/02 21:01:45 [warn] 1#1: the "listen ... http2" directive is deprecated, use the "http2" directive instead in /etc/nginx/sites-enabled/geo.conf:37
2026/03/02 21:01:45 [emerg] 1#1: host not found in upstream "diet_frontend" in /etc/nginx/sites-enabled/diet.conf:63
2026/03/02 21:02:45 [warn] 1#1: the "listen ... http2" directive is deprecated, use the "http2" directive instead in /etc/nginx/sites-enabled/diet.conf:28
2026/03/02 21:02:45 [warn] 1#1: the "listen ... http2" directive is deprecated, use the "http2" directive instead in /etc/nginx/sites-enabled/diet.conf:39
2026/03/02 21:02:45 [warn] 1#1: the "listen ... http2" directive is deprecated, use the "http2" directive instead in /etc/nginx/sites-enabled/geo.conf:26
2026/03/02 21:02:45 [warn] 1#1: the "listen ... http2" directive is deprecated, use the "http2" directive instead in /etc/nginx/sites-enabled/geo.conf:37
2026/03/02 21:02:45 [emerg] 1#1: host not found in upstream "diet_frontend" in /etc/nginx/sites-enabled/diet.conf:63
2026/03/02 21:03:45 [warn] 1#1: the "listen ... http2" directive is deprecated, use the "http2" directive instead in /etc/nginx/sites-enabled/diet.conf:28
2026/03/02 21:03:45 [warn] 1#1: the "listen ... http2" directive is deprecated, use the "http2" directive instead in /etc/nginx/sites-enabled/diet.conf:39
2026/03/02 21:03:45 [warn] 1#1: the "listen ... http2" directive is deprecated, use the "http2" directive instead in /etc/nginx/sites-enabled/geo.conf:26
2026/03/02 21:03:45 [warn] 1#1: the "listen ... http2" directive is deprecated, use the "http2" directive instead in /etc/nginx/sites-enabled/geo.conf:37
2026/03/02 21:03:45 [emerg] 1#1: host not found in upstream "diet_frontend" in /etc/nginx/sites-enabled/diet.conf:63
2026/03/02 21:04:46 [warn] 1#1: the "listen ... http2" directive is deprecated, use the "http2" directive instead in /etc/nginx/sites-enabled/diet.conf:28
2026/03/02 21:04:46 [warn] 1#1: the "listen ... http2" directive is deprecated, use the "http2" directive instead in /etc/nginx/sites-enabled/diet.conf:39
2026/03/02 21:04:46 [warn] 1#1: the "listen ... http2" directive is deprecated, use the "http2" directive instead in /etc/nginx/sites-enabled/geo.conf:26
2026/03/02 21:04:46 [warn] 1#1: the "listen ... http2" directive is deprecated, use the "http2" directive instead in /etc/nginx/sites-enabled/geo.conf:37
2026/03/02 21:04:46 [emerg] 1#1: host not found in upstream "diet_frontend" in /etc/nginx/sites-enabled/diet.conf:63
2026/03/02 21:05:46 [warn] 1#1: the "listen ... http2" directive is deprecated, use the "http2" directive instead in /etc/nginx/sites-enabled/diet.conf:28
2026/03/02 21:05:46 [warn] 1#1: the "listen ... http2" directive is deprecated, use the "http2" directive instead in /etc/nginx/sites-enabled/diet.conf:39
2026/03/02 21:05:46 [warn] 1#1: the "listen ... http2" directive is deprecated, use the "http2" directive instead in /etc/nginx/sites-enabled/geo.conf:26
2026/03/02 21:05:46 [warn] 1#1: the "listen ... http2" directive is deprecated, use the "http2" directive instead in /etc/nginx/sites-enabled/geo.conf:37
2026/03/02 21:05:46 [emerg] 1#1: host not found in upstream "diet_frontend" in /etc/nginx/sites-enabled/diet.conf:63
2026/03/02 21:06:46 [warn] 1#1: the "listen ... http2" directive is deprecated, use the "http2" directive instead in /etc/nginx/sites-enabled/diet.conf:28
2026/03/02 21:06:46 [warn] 1#1: the "listen ... http2" directive is deprecated, use the "http2" directive instead in /etc/nginx/sites-enabled/diet.conf:39
2026/03/02 21:06:46 [warn] 1#1: the "listen ... http2" directive is deprecated, use the "http2" directive instead in /etc/nginx/sites-enabled/geo.conf:26
2026/03/02 21:06:46 [warn] 1#1: the "listen ... http2" directive is deprecated, use the "http2" directive instead in /etc/nginx/sites-enabled/geo.conf:37
2026/03/02 21:06:46 [emerg] 1#1: host not found in upstream "diet_frontend" in /etc/nginx/sites-enabled/diet.conf:63
2026/03/02 21:07:46 [warn] 1#1: the "listen ... http2" directive is deprecated, use the "http2" directive instead in /etc/nginx/sites-enabled/diet.conf:28
2026/03/02 21:07:46 [warn] 1#1: the "listen ... http2" directive is deprecated, use the "http2" directive instead in /etc/nginx/sites-enabled/diet.conf:39
2026/03/02 21:07:46 [warn] 1#1: the "listen ... http2" directive is deprecated, use the "http2" directive instead in /etc/nginx/sites-enabled/geo.conf:26
2026/03/02 21:07:46 [warn] 1#1: the "listen ... http2" directive is deprecated, use the "http2" directive instead in /etc/nginx/sites-enabled/geo.conf:37
2026/03/02 21:07:46 [emerg] 1#1: host not found in upstream "diet_frontend" in /etc/nginx/sites-enabled/diet.conf:63
2026/03/02 21:08:46 [warn] 1#1: the "listen ... http2" directive is deprecated, use the "http2" directive instead in /etc/nginx/sites-enabled/diet.conf:28
2026/03/02 21:08:46 [warn] 1#1: the "listen ... http2" directive is deprecated, use the "http2" directive instead in /etc/nginx/sites-enabled/diet.conf:39
2026/03/02 21:08:46 [warn] 1#1: the "listen ... http2" directive is deprecated, use the "http2" directive instead in /etc/nginx/sites-enabled/geo.conf:26
2026/03/02 21:08:46 [warn] 1#1: the "listen ... http2" directive is deprecated, use the "http2" directive instead in /etc/nginx/sites-enabled/geo.conf:37
2026/03/02 21:08:46 [emerg] 1#1: host not found in upstream "diet_frontend" in /etc/nginx/sites-enabled/diet.conf:63
2026/03/02 21:09:46 [warn] 1#1: the "listen ... http2" directive is deprecated, use the "http2" directive instead in /etc/nginx/sites-enabled/diet.conf:28
2026/03/02 21:09:46 [warn] 1#1: the "listen ... http2" directive is deprecated, use the "http2" directive instead in /etc/nginx/sites-enabled/diet.conf:39
2026/03/02 21:09:46 [warn] 1#1: the "listen ... http2" directive is deprecated, use the "http2" directive instead in /etc/nginx/sites-enabled/geo.conf:26
2026/03/02 21:09:46 [warn] 1#1: the "listen ... http2" directive is deprecated, use the "http2" directive instead in /etc/nginx/sites-enabled/geo.conf:37
2026/03/02 21:09:46 [emerg] 1#1: host not found in upstream "diet_frontend" in /etc/nginx/sites-enabled/diet.conf:63
2026/03/02 21:10:47 [warn] 1#1: the "listen ... http2" directive is deprecated, use the "http2" directive instead in /etc/nginx/sites-enabled/diet.conf:28
2026/03/02 21:10:47 [warn] 1#1: the "listen ... http2" directive is deprecated, use the "http2" directive instead in /etc/nginx/sites-enabled/diet.conf:39
2026/03/02 21:10:47 [warn] 1#1: the "listen ... http2" directive is deprecated, use the "http2" directive instead in /etc/nginx/sites-enabled/geo.conf:26
2026/03/02 21:10:47 [warn] 1#1: the "listen ... http2" directive is deprecated, use the "http2" directive instead in /etc/nginx/sites-enabled/geo.conf:37
2026/03/02 21:10:47 [emerg] 1#1: host not found in upstream "diet_frontend" in /etc/nginx/sites-enabled/diet.conf:63
2026/03/02 21:11:47 [warn] 1#1: the "listen ... http2" directive is deprecated, use the "http2" directive instead in /etc/nginx/sites-enabled/diet.conf:28
2026/03/02 21:11:47 [warn] 1#1: the "listen ... http2" directive is deprecated, use the "http2" directive instead in /etc/nginx/sites-enabled/diet.conf:39
2026/03/02 21:11:47 [warn] 1#1: the "listen ... http2" directive is deprecated, use the "http2" directive instead in /etc/nginx/sites-enabled/geo.conf:26
2026/03/02 21:11:47 [warn] 1#1: the "listen ... http2" directive is deprecated, use the "http2" directive instead in /etc/nginx/sites-enabled/geo.conf:37
2026/03/02 21:11:47 [emerg] 1#1: host not found in upstream "diet_frontend" in /etc/nginx/sites-enabled/diet.conf:63
2026/03/02 21:12:47 [warn] 1#1: the "listen ... http2" directive is deprecated, use the "http2" directive instead in /etc/nginx/sites-enabled/diet.conf:28
2026/03/02 21:12:47 [warn] 1#1: the "listen ... http2" directive is deprecated, use the "http2" directive instead in /etc/nginx/sites-enabled/diet.conf:39
2026/03/02 21:12:47 [warn] 1#1: the "listen ... http2" directive is deprecated, use the "http2" directive instead in /etc/nginx/sites-enabled/geo.conf:26
2026/03/02 21:12:47 [warn] 1#1: the "listen ... http2" directive is deprecated, use the "http2" directive instead in /etc/nginx/sites-enabled/geo.conf:37
2026/03/02 21:12:47 [emerg] 1#1: host not found in upstream "diet_frontend" in /etc/nginx/sites-enabled/diet.conf:63
2026/03/02 21:13:47 [warn] 1#1: the "listen ... http2" directive is deprecated, use the "http2" directive instead in /etc/nginx/sites-enabled/diet.conf:28
2026/03/02 21:13:47 [warn] 1#1: the "listen ... http2" directive is deprecated, use the "http2" directive instead in /etc/nginx/sites-enabled/diet.conf:39
2026/03/02 21:13:47 [warn] 1#1: the "listen ... http2" directive is deprecated, use the "http2" directive instead in /etc/nginx/sites-enabled/geo.conf:26
2026/03/02 21:13:47 [warn] 1#1: the "listen ... http2" directive is deprecated, use the "http2" directive instead in /etc/nginx/sites-enabled/geo.conf:37
2026/03/02 21:13:47 [emerg] 1#1: host not found in upstream "diet_frontend" in /etc/nginx/sites-enabled/diet.conf:63
2026/03/02 21:14:47 [warn] 1#1: the "listen ... http2" directive is deprecated, use the "http2" directive instead in /etc/nginx/sites-enabled/diet.conf:28
2026/03/02 21:14:47 [warn] 1#1: the "listen ... http2" directive is deprecated, use the "http2" directive instead in /etc/nginx/sites-enabled/diet.conf:39
2026/03/02 21:14:47 [warn] 1#1: the "listen ... http2" directive is deprecated, use the "http2" directive instead in /etc/nginx/sites-enabled/geo.conf:26
2026/03/02 21:14:47 [warn] 1#1: the "listen ... http2" directive is deprecated, use the "http2" directive instead in /etc/nginx/sites-enabled/geo.conf:37
2026/03/02 21:14:47 [emerg] 1#1: host not found in upstream "diet_frontend" in /etc/nginx/sites-enabled/diet.conf:63
2026/03/02 21:15:47 [warn] 1#1: the "listen ... http2" directive is deprecated, use the "http2" directive instead in /etc/nginx/sites-enabled/diet.conf:28
2026/03/02 21:15:47 [warn] 1#1: the "listen ... http2" directive is deprecated, use the "http2" directive instead in /etc/nginx/sites-enabled/diet.conf:39
2026/03/02 21:15:47 [warn] 1#1: the "listen ... http2" directive is deprecated, use the "http2" directive instead in /etc/nginx/sites-enabled/geo.conf:26
2026/03/02 21:15:47 [warn] 1#1: the "listen ... http2" directive is deprecated, use the "http2" directive instead in /etc/nginx/sites-enabled/geo.conf:37
2026/03/02 21:15:47 [emerg] 1#1: host not found in upstream "diet_frontend" in /etc/nginx/sites-enabled/diet.conf:63
2026/03/02 21:16:48 [warn] 1#1: the "listen ... http2" directive is deprecated, use the "http2" directive instead in /etc/nginx/sites-enabled/diet.conf:28
2026/03/02 21:16:48 [warn] 1#1: the "listen ... http2" directive is deprecated, use the "http2" directive instead in /etc/nginx/sites-enabled/diet.conf:39
2026/03/02 21:16:48 [warn] 1#1: the "listen ... http2" directive is deprecated, use the "http2" directive instead in /etc/nginx/sites-enabled/geo.conf:26
2026/03/02 21:16:48 [warn] 1#1: the "listen ... http2" directive is deprecated, use the "http2" directive instead in /etc/nginx/sites-enabled/geo.conf:37
2026/03/02 21:16:48 [emerg] 1#1: host not found in upstream "diet_frontend" in /etc/nginx/sites-enabled/diet.conf:63
2026/03/02 21:17:48 [warn] 1#1: the "listen ... http2" directive is deprecated, use the "http2" directive instead in /etc/nginx/sites-enabled/diet.conf:28
2026/03/02 21:17:48 [warn] 1#1: the "listen ... http2" directive is deprecated, use the "http2" directive instead in /etc/nginx/sites-enabled/diet.conf:39
2026/03/02 21:17:48 [warn] 1#1: the "listen ... http2" directive is deprecated, use the "http2" directive instead in /etc/nginx/sites-enabled/geo.conf:26
2026/03/02 21:17:48 [warn] 1#1: the "listen ... http2" directive is deprecated, use the "http2" directive instead in /etc/nginx/sites-enabled/geo.conf:37
2026/03/02 21:17:48 [emerg] 1#1: host not found in upstream "diet_frontend" in /etc/nginx/sites-enabled/diet.conf:63
2026/03/02 21:18:48 [warn] 1#1: the "listen ... http2" directive is deprecated, use the "http2" directive instead in /etc/nginx/sites-enabled/diet.conf:28
2026/03/02 21:18:48 [warn] 1#1: the "listen ... http2" directive is deprecated, use the "http2" directive instead in /etc/nginx/sites-enabled/diet.conf:39
2026/03/02 21:18:48 [warn] 1#1: the "listen ... http2" directive is deprecated, use the "http2" directive instead in /etc/nginx/sites-enabled/geo.conf:26
2026/03/02 21:18:48 [warn] 1#1: the "listen ... http2" directive is deprecated, use the "http2" directive instead in /etc/nginx/sites-enabled/geo.conf:37
2026/03/02 21:18:48 [emerg] 1#1: host not found in upstream "diet_frontend" in /etc/nginx/sites-enabled/diet.conf:63
2026/03/02 21:19:48 [warn] 1#1: the "listen ... http2" directive is deprecated, use the "http2" directive instead in /etc/nginx/sites-enabled/diet.conf:28
2026/03/02 21:19:48 [warn] 1#1: the "listen ... http2" directive is deprecated, use the "http2" directive instead in /etc/nginx/sites-enabled/diet.conf:39
2026/03/02 21:19:48 [warn] 1#1: the "listen ... http2" directive is deprecated, use the "http2" directive instead in /etc/nginx/sites-enabled/geo.conf:26
2026/03/02 21:19:48 [warn] 1#1: the "listen ... http2" directive is deprecated, use the "http2" directive instead in /etc/nginx/sites-enabled/geo.conf:37
2026/03/02 21:19:48 [emerg] 1#1: host not found in upstream "diet_frontend" in /etc/nginx/sites-enabled/diet.conf:63
2026/03/02 21:20:48 [warn] 1#1: the "listen ... http2" directive is deprecated, use the "http2" directive instead in /etc/nginx/sites-enabled/diet.conf:28
2026/03/02 21:20:48 [warn] 1#1: the "listen ... http2" directive is deprecated, use the "http2" directive instead in /etc/nginx/sites-enabled/diet.conf:39
2026/03/02 21:20:48 [warn] 1#1: the "listen ... http2" directive is deprecated, use the "http2" directive instead in /etc/nginx/sites-enabled/geo.conf:26
2026/03/02 21:20:48 [warn] 1#1: the "listen ... http2" directive is deprecated, use the "http2" directive instead in /etc/nginx/sites-enabled/geo.conf:37
2026/03/02 21:20:48 [emerg] 1#1: host not found in upstream "diet_frontend" in /etc/nginx/sites-enabled/diet.conf:63
2026/03/02 21:21:48 [warn] 1#1: the "listen ... http2" directive is deprecated, use the "http2" directive instead in /etc/nginx/sites-enabled/diet.conf:28
2026/03/02 21:21:48 [warn] 1#1: the "listen ... http2" directive is deprecated, use the "http2" directive instead in /etc/nginx/sites-enabled/diet.conf:39
2026/03/02 21:21:48 [warn] 1#1: the "listen ... http2" directive is deprecated, use the "http2" directive instead in /etc/nginx/sites-enabled/geo.conf:26
2026/03/02 21:21:48 [warn] 1#1: the "listen ... http2" directive is deprecated, use the "http2" directive instead in /etc/nginx/sites-enabled/geo.conf:37
2026/03/02 21:21:48 [emerg] 1#1: host not found in upstream "diet_frontend" in /etc/nginx/sites-enabled/diet.conf:63
2026/03/02 21:22:49 [warn] 1#1: the "listen ... http2" directive is deprecated, use the "http2" directive instead in /etc/nginx/sites-enabled/diet.conf:28
2026/03/02 21:22:49 [warn] 1#1: the "listen ... http2" directive is deprecated, use the "http2" directive instead in /etc/nginx/sites-enabled/diet.conf:39
2026/03/02 21:22:49 [warn] 1#1: the "listen ... http2" directive is deprecated, use the "http2" directive instead in /etc/nginx/sites-enabled/geo.conf:26
2026/03/02 21:22:49 [warn] 1#1: the "listen ... http2" directive is deprecated, use the "http2" directive instead in /etc/nginx/sites-enabled/geo.conf:37
2026/03/02 21:22:49 [emerg] 1#1: host not found in upstream "diet_frontend" in /etc/nginx/sites-enabled/diet.conf:63
2026/03/02 21:23:49 [warn] 1#1: the "listen ... http2" directive is deprecated, use the "http2" directive instead in /etc/nginx/sites-enabled/diet.conf:28
2026/03/02 21:23:49 [warn] 1#1: the "listen ... http2" directive is deprecated, use the "http2" directive instead in /etc/nginx/sites-enabled/diet.conf:39
2026/03/02 21:23:49 [warn] 1#1: the "listen ... http2" directive is deprecated, use the "http2" directive instead in /etc/nginx/sites-enabled/geo.conf:26
2026/03/02 21:23:49 [warn] 1#1: the "listen ... http2" directive is deprecated, use the "http2" directive instead in /etc/nginx/sites-enabled/geo.conf:37
2026/03/02 21:23:49 [emerg] 1#1: host not found in upstream "diet_frontend" in /etc/nginx/sites-enabled/diet.conf:63
2026/03/02 21:24:49 [warn] 1#1: the "listen ... http2" directive is deprecated, use the "http2" directive instead in /etc/nginx/sites-enabled/diet.conf:28
2026/03/02 21:24:49 [warn] 1#1: the "listen ... http2" directive is deprecated, use the "http2" directive instead in /etc/nginx/sites-enabled/diet.conf:39
2026/03/02 21:24:49 [warn] 1#1: the "listen ... http2" directive is deprecated, use the "http2" directive instead in /etc/nginx/sites-enabled/geo.conf:26
2026/03/02 21:24:49 [warn] 1#1: the "listen ... http2" directive is deprecated, use the "http2" directive instead in /etc/nginx/sites-enabled/geo.conf:37
2026/03/02 21:24:49 [emerg] 1#1: host not found in upstream "diet_frontend" in /etc/nginx/sites-enabled/diet.conf:63
2026/03/02 21:25:49 [warn] 1#1: the "listen ... http2" directive is deprecated, use the "http2" directive instead in /etc/nginx/sites-enabled/diet.conf:28
2026/03/02 21:25:49 [warn] 1#1: the "listen ... http2" directive is deprecated, use the "http2" directive instead in /etc/nginx/sites-enabled/diet.conf:39
2026/03/02 21:25:49 [warn] 1#1: the "listen ... http2" directive is deprecated, use the "http2" directive instead in /etc/nginx/sites-enabled/geo.conf:26
2026/03/02 21:25:49 [warn] 1#1: the "listen ... http2" directive is deprecated, use the "http2" directive instead in /etc/nginx/sites-enabled/geo.conf:37
2026/03/02 21:25:49 [emerg] 1#1: host not found in upstream "diet_frontend" in /etc/nginx/sites-enabled/diet.conf:63
2026/03/02 21:26:49 [warn] 1#1: the "listen ... http2" directive is deprecated, use the "http2" directive instead in /etc/nginx/sites-enabled/diet.conf:28
2026/03/02 21:26:49 [warn] 1#1: the "listen ... http2" directive is deprecated, use the "http2" directive instead in /etc/nginx/sites-enabled/diet.conf:39
2026/03/02 21:26:49 [warn] 1#1: the "listen ... http2" directive is deprecated, use the "http2" directive instead in /etc/nginx/sites-enabled/geo.conf:26
2026/03/02 21:26:49 [warn] 1#1: the "listen ... http2" directive is deprecated, use the "http2" directive instead in /etc/nginx/sites-enabled/geo.conf:37
2026/03/02 21:26:49 [emerg] 1#1: host not found in upstream "diet_frontend" in /etc/nginx/sites-enabled/diet.conf:63
2026/03/02 21:27:49 [warn] 1#1: the "listen ... http2" directive is deprecated, use the "http2" directive instead in /etc/nginx/sites-enabled/diet.conf:28
2026/03/02 21:27:49 [warn] 1#1: the "listen ... http2" directive is deprecated, use the "http2" directive instead in /etc/nginx/sites-enabled/diet.conf:39
2026/03/02 21:27:49 [warn] 1#1: the "listen ... http2" directive is deprecated, use the "http2" directive instead in /etc/nginx/sites-enabled/geo.conf:26
2026/03/02 21:27:49 [warn] 1#1: the "listen ... http2" directive is deprecated, use the "http2" directive instead in /etc/nginx/sites-enabled/geo.conf:37
2026/03/02 21:27:49 [emerg] 1#1: host not found in upstream "diet_frontend" in /etc/nginx/sites-enabled/diet.conf:63
2026/03/02 21:28:49 [warn] 1#1: the "listen ... http2" directive is deprecated, use the "http2" directive instead in /etc/nginx/sites-enabled/diet.conf:28
2026/03/02 21:28:49 [warn] 1#1: the "listen ... http2" directive is deprecated, use the "http2" directive instead in /etc/nginx/sites-enabled/diet.conf:39
2026/03/02 21:28:49 [warn] 1#1: the "listen ... http2" directive is deprecated, use the "http2" directive instead in /etc/nginx/sites-enabled/geo.conf:26
2026/03/02 21:28:49 [warn] 1#1: the "listen ... http2" directive is deprecated, use the "http2" directive instead in /etc/nginx/sites-enabled/geo.conf:37
2026/03/02 21:28:49 [emerg] 1#1: host not found in upstream "diet_frontend" in /etc/nginx/sites-enabled/diet.conf:63
2026/03/02 21:29:50 [warn] 1#1: the "listen ... http2" directive is deprecated, use the "http2" directive instead in /etc/nginx/sites-enabled/diet.conf:28
2026/03/02 21:29:50 [warn] 1#1: the "listen ... http2" directive is deprecated, use the "http2" directive instead in /etc/nginx/sites-enabled/diet.conf:39
2026/03/02 21:29:50 [warn] 1#1: the "listen ... http2" directive is deprecated, use the "http2" directive instead in /etc/nginx/sites-enabled/geo.conf:26
2026/03/02 21:29:50 [warn] 1#1: the "listen ... http2" directive is deprecated, use the "http2" directive instead in /etc/nginx/sites-enabled/geo.conf:37
2026/03/02 21:29:50 [emerg] 1#1: host not found in upstream "diet_frontend" in /etc/nginx/sites-enabled/diet.conf:63
2026/03/02 21:30:50 [warn] 1#1: the "listen ... http2" directive is deprecated, use the "http2" directive instead in /etc/nginx/sites-enabled/diet.conf:28
2026/03/02 21:30:50 [warn] 1#1: the "listen ... http2" directive is deprecated, use the "http2" directive instead in /etc/nginx/sites-enabled/diet.conf:39
2026/03/02 21:30:50 [warn] 1#1: the "listen ... http2" directive is deprecated, use the "http2" directive instead in /etc/nginx/sites-enabled/geo.conf:26
2026/03/02 21:30:50 [warn] 1#1: the "listen ... http2" directive is deprecated, use the "http2" directive instead in /etc/nginx/sites-enabled/geo.conf:37
2026/03/02 21:30:50 [emerg] 1#1: host not found in upstream "diet_frontend" in /etc/nginx/sites-enabled/diet.conf:63
2026/03/02 21:31:50 [warn] 1#1: the "listen ... http2" directive is deprecated, use the "http2" directive instead in /etc/nginx/sites-enabled/diet.conf:28
2026/03/02 21:31:50 [warn] 1#1: the "listen ... http2" directive is deprecated, use the "http2" directive instead in /etc/nginx/sites-enabled/diet.conf:39
2026/03/02 21:31:50 [warn] 1#1: the "listen ... http2" directive is deprecated, use the "http2" directive instead in /etc/nginx/sites-enabled/geo.conf:26
2026/03/02 21:31:50 [warn] 1#1: the "listen ... http2" directive is deprecated, use the "http2" directive instead in /etc/nginx/sites-enabled/geo.conf:37
2026/03/02 21:31:50 [emerg] 1#1: host not found in upstream "diet_frontend" in /etc/nginx/sites-enabled/diet.conf:63
2026/03/02 21:32:50 [warn] 1#1: the "listen ... http2" directive is deprecated, use the "http2" directive instead in /etc/nginx/sites-enabled/diet.conf:28
2026/03/02 21:32:50 [warn] 1#1: the "listen ... http2" directive is deprecated, use the "http2" directive instead in /etc/nginx/sites-enabled/diet.conf:39
2026/03/02 21:32:50 [warn] 1#1: the "listen ... http2" directive is deprecated, use the "http2" directive instead in /etc/nginx/sites-enabled/geo.conf:26
2026/03/02 21:32:50 [warn] 1#1: the "listen ... http2" directive is deprecated, use the "http2" directive instead in /etc/nginx/sites-enabled/geo.conf:37
2026/03/02 21:32:50 [emerg] 1#1: host not found in upstream "diet_frontend" in /etc/nginx/sites-enabled/diet.conf:63
2026/03/02 21:33:50 [warn] 1#1: the "listen ... http2" directive is deprecated, use the "http2" directive instead in /etc/nginx/sites-enabled/diet.conf:28
2026/03/02 21:33:50 [warn] 1#1: the "listen ... http2" directive is deprecated, use the "http2" directive instead in /etc/nginx/sites-enabled/diet.conf:39
2026/03/02 21:33:50 [warn] 1#1: the "listen ... http2" directive is deprecated, use the "http2" directive instead in /etc/nginx/sites-enabled/geo.conf:26
2026/03/02 21:33:50 [warn] 1#1: the "listen ... http2" directive is deprecated, use the "http2" directive instead in /etc/nginx/sites-enabled/geo.conf:37
2026/03/02 21:33:50 [emerg] 1#1: host not found in upstream "diet_frontend" in /etc/nginx/sites-enabled/diet.conf:63
2026/03/02 21:34:50 [warn] 1#1: the "listen ... http2" directive is deprecated, use the "http2" directive instead in /etc/nginx/sites-enabled/diet.conf:28
2026/03/02 21:34:50 [warn] 1#1: the "listen ... http2" directive is deprecated, use the "http2" directive instead in /etc/nginx/sites-enabled/diet.conf:39
2026/03/02 21:34:50 [warn] 1#1: the "listen ... http2" directive is deprecated, use the "http2" directive instead in /etc/nginx/sites-enabled/geo.conf:26
2026/03/02 21:34:50 [warn] 1#1: the "listen ... http2" directive is deprecated, use the "http2" directive instead in /etc/nginx/sites-enabled/geo.conf:37
2026/03/02 21:34:50 [emerg] 1#1: host not found in upstream "diet_frontend" in /etc/nginx/sites-enabled/diet.conf:63
2026/03/02 21:35:51 [warn] 1#1: the "listen ... http2" directive is deprecated, use the "http2" directive instead in /etc/nginx/sites-enabled/diet.conf:28
2026/03/02 21:35:51 [warn] 1#1: the "listen ... http2" directive is deprecated, use the "http2" directive instead in /etc/nginx/sites-enabled/diet.conf:39
2026/03/02 21:35:51 [warn] 1#1: the "listen ... http2" directive is deprecated, use the "http2" directive instead in /etc/nginx/sites-enabled/geo.conf:26
2026/03/02 21:35:51 [warn] 1#1: the "listen ... http2" directive is deprecated, use the "http2" directive instead in /etc/nginx/sites-enabled/geo.conf:37
2026/03/02 21:35:51 [emerg] 1#1: host not found in upstream "diet_frontend" in /etc/nginx/sites-enabled/diet.conf:63
2026/03/02 21:36:51 [warn] 1#1: the "listen ... http2" directive is deprecated, use the "http2" directive instead in /etc/nginx/sites-enabled/diet.conf:28
2026/03/02 21:36:51 [warn] 1#1: the "listen ... http2" directive is deprecated, use the "http2" directive instead in /etc/nginx/sites-enabled/diet.conf:39
2026/03/02 21:36:51 [warn] 1#1: the "listen ... http2" directive is deprecated, use the "http2" directive instead in /etc/nginx/sites-enabled/geo.conf:26
2026/03/02 21:36:51 [warn] 1#1: the "listen ... http2" directive is deprecated, use the "http2" directive instead in /etc/nginx/sites-enabled/geo.conf:37
2026/03/02 21:36:51 [emerg] 1#1: host not found in upstream "diet_frontend" in /etc/nginx/sites-enabled/diet.conf:63
2026/03/02 21:37:51 [warn] 1#1: the "listen ... http2" directive is deprecated, use the "http2" directive instead in /etc/nginx/sites-enabled/diet.conf:28
2026/03/02 21:37:51 [warn] 1#1: the "listen ... http2" directive is deprecated, use the "http2" directive instead in /etc/nginx/sites-enabled/diet.conf:39
2026/03/02 21:37:51 [warn] 1#1: the "listen ... http2" directive is deprecated, use the "http2" directive instead in /etc/nginx/sites-enabled/geo.conf:26
2026/03/02 21:37:51 [warn] 1#1: the "listen ... http2" directive is deprecated, use the "http2" directive instead in /etc/nginx/sites-enabled/geo.conf:37
2026/03/02 21:37:51 [emerg] 1#1: host not found in upstream "diet_frontend" in /etc/nginx/sites-enabled/diet.conf:63
2026/03/02 21:38:51 [warn] 1#1: the "listen ... http2" directive is deprecated, use the "http2" directive instead in /etc/nginx/sites-enabled/diet.conf:28
2026/03/02 21:38:51 [warn] 1#1: the "listen ... http2" directive is deprecated, use the "http2" directive instead in /etc/nginx/sites-enabled/diet.conf:39
2026/03/02 21:38:51 [warn] 1#1: the "listen ... http2" directive is deprecated, use the "http2" directive instead in /etc/nginx/sites-enabled/geo.conf:26
2026/03/02 21:38:51 [warn] 1#1: the "listen ... http2" directive is deprecated, use the "http2" directive instead in /etc/nginx/sites-enabled/geo.conf:37
2026/03/02 21:38:51 [emerg] 1#1: host not found in upstream "diet_frontend" in /etc/nginx/sites-enabled/diet.conf:63
2026/03/02 21:39:51 [warn] 1#1: the "listen ... http2" directive is deprecated, use the "http2" directive instead in /etc/nginx/sites-enabled/diet.conf:28
2026/03/02 21:39:51 [warn] 1#1: the "listen ... http2" directive is deprecated, use the "http2" directive instead in /etc/nginx/sites-enabled/diet.conf:39
2026/03/02 21:39:51 [warn] 1#1: the "listen ... http2" directive is deprecated, use the "http2" directive instead in /etc/nginx/sites-enabled/geo.conf:26
2026/03/02 21:39:51 [warn] 1#1: the "listen ... http2" directive is deprecated, use the "http2" directive instead in /etc/nginx/sites-enabled/geo.conf:37
2026/03/02 21:39:51 [emerg] 1#1: host not found in upstream "diet_frontend" in /etc/nginx/sites-enabled/diet.conf:63
2026/03/02 21:40:51 [warn] 1#1: the "listen ... http2" directive is deprecated, use the "http2" directive instead in /etc/nginx/sites-enabled/diet.conf:28
2026/03/02 21:40:51 [warn] 1#1: the "listen ... http2" directive is deprecated, use the "http2" directive instead in /etc/nginx/sites-enabled/diet.conf:39
2026/03/02 21:40:51 [warn] 1#1: the "listen ... http2" directive is deprecated, use the "http2" directive instead in /etc/nginx/sites-enabled/geo.conf:26
2026/03/02 21:40:51 [warn] 1#1: the "listen ... http2" directive is deprecated, use the "http2" directive instead in /etc/nginx/sites-enabled/geo.conf:37
2026/03/02 21:40:51 [emerg] 1#1: host not found in upstream "diet_frontend" in /etc/nginx/sites-enabled/diet.conf:63
2026/03/02 21:41:52 [warn] 1#1: the "listen ... http2" directive is deprecated, use the "http2" directive instead in /etc/nginx/sites-enabled/diet.conf:28
2026/03/02 21:41:52 [warn] 1#1: the "listen ... http2" directive is deprecated, use the "http2" directive instead in /etc/nginx/sites-enabled/diet.conf:39
2026/03/02 21:41:52 [warn] 1#1: the "listen ... http2" directive is deprecated, use the "http2" directive instead in /etc/nginx/sites-enabled/geo.conf:26
2026/03/02 21:41:52 [warn] 1#1: the "listen ... http2" directive is deprecated, use the "http2" directive instead in /etc/nginx/sites-enabled/geo.conf:37
2026/03/02 21:41:52 [emerg] 1#1: host not found in upstream "diet_frontend" in /etc/nginx/sites-enabled/diet.conf:63
2026/03/02 21:42:52 [warn] 1#1: the "listen ... http2" directive is deprecated, use the "http2" directive instead in /etc/nginx/sites-enabled/diet.conf:28
2026/03/02 21:42:52 [warn] 1#1: the "listen ... http2" directive is deprecated, use the "http2" directive instead in /etc/nginx/sites-enabled/diet.conf:39
2026/03/02 21:42:52 [warn] 1#1: the "listen ... http2" directive is deprecated, use the "http2" directive instead in /etc/nginx/sites-enabled/geo.conf:26
2026/03/02 21:42:52 [warn] 1#1: the "listen ... http2" directive is deprecated, use the "http2" directive instead in /etc/nginx/sites-enabled/geo.conf:37
2026/03/02 21:42:52 [emerg] 1#1: host not found in upstream "diet_frontend" in /etc/nginx/sites-enabled/diet.conf:63
2026/03/02 21:43:52 [warn] 1#1: the "listen ... http2" directive is deprecated, use the "http2" directive instead in /etc/nginx/sites-enabled/diet.conf:28
2026/03/02 21:43:52 [warn] 1#1: the "listen ... http2" directive is deprecated, use the "http2" directive instead in /etc/nginx/sites-enabled/diet.conf:39
2026/03/02 21:43:52 [warn] 1#1: the "listen ... http2" directive is deprecated, use the "http2" directive instead in /etc/nginx/sites-enabled/geo.conf:26
2026/03/02 21:43:52 [warn] 1#1: the "listen ... http2" directive is deprecated, use the "http2" directive instead in /etc/nginx/sites-enabled/geo.conf:37
2026/03/02 21:43:52 [emerg] 1#1: host not found in upstream "diet_frontend" in /etc/nginx/sites-enabled/diet.conf:63
2026/03/02 21:44:52 [warn] 1#1: the "listen ... http2" directive is deprecated, use the "http2" directive instead in /etc/nginx/sites-enabled/diet.conf:28
2026/03/02 21:44:52 [warn] 1#1: the "listen ... http2" directive is deprecated, use the "http2" directive instead in /etc/nginx/sites-enabled/diet.conf:39
2026/03/02 21:44:52 [warn] 1#1: the "listen ... http2" directive is deprecated, use the "http2" directive instead in /etc/nginx/sites-enabled/geo.conf:26
2026/03/02 21:44:52 [warn] 1#1: the "listen ... http2" directive is deprecated, use the "http2" directive instead in /etc/nginx/sites-enabled/geo.conf:37
2026/03/02 21:44:52 [emerg] 1#1: host not found in upstream "diet_frontend" in /etc/nginx/sites-enabled/diet.conf:63
2026/03/02 21:45:52 [warn] 1#1: the "listen ... http2" directive is deprecated, use the "http2" directive instead in /etc/nginx/sites-enabled/diet.conf:28
2026/03/02 21:45:52 [warn] 1#1: the "listen ... http2" directive is deprecated, use the "http2" directive instead in /etc/nginx/sites-enabled/diet.conf:39
2026/03/02 21:45:52 [warn] 1#1: the "listen ... http2" directive is deprecated, use the "http2" directive instead in /etc/nginx/sites-enabled/geo.conf:26
2026/03/02 21:45:52 [warn] 1#1: the "listen ... http2" directive is deprecated, use the "http2" directive instead in /etc/nginx/sites-enabled/geo.conf:37
2026/03/02 21:45:52 [emerg] 1#1: host not found in upstream "diet_frontend" in /etc/nginx/sites-enabled/diet.conf:63
2026/03/02 21:46:52 [warn] 1#1: the "listen ... http2" directive is deprecated, use the "http2" directive instead in /etc/nginx/sites-enabled/diet.conf:28
2026/03/02 21:46:52 [warn] 1#1: the "listen ... http2" directive is deprecated, use the "http2" directive instead in /etc/nginx/sites-enabled/diet.conf:39
2026/03/02 21:46:52 [warn] 1#1: the "listen ... http2" directive is deprecated, use the "http2" directive instead in /etc/nginx/sites-enabled/geo.conf:26
2026/03/02 21:46:52 [warn] 1#1: the "listen ... http2" directive is deprecated, use the "http2" directive instead in /etc/nginx/sites-enabled/geo.conf:37
2026/03/02 21:46:52 [emerg] 1#1: host not found in upstream "diet_frontend" in /etc/nginx/sites-enabled/diet.conf:63
2026/03/02 21:47:52 [warn] 1#1: the "listen ... http2" directive is deprecated, use the "http2" directive instead in /etc/nginx/sites-enabled/diet.conf:28
2026/03/02 21:47:52 [warn] 1#1: the "listen ... http2" directive is deprecated, use the "http2" directive instead in /etc/nginx/sites-enabled/diet.conf:39
2026/03/02 21:47:52 [warn] 1#1: the "listen ... http2" directive is deprecated, use the "http2" directive instead in /etc/nginx/sites-enabled/geo.conf:26
2026/03/02 21:47:52 [warn] 1#1: the "listen ... http2" directive is deprecated, use the "http2" directive instead in /etc/nginx/sites-enabled/geo.conf:37
2026/03/02 21:47:52 [emerg] 1#1: host not found in upstream "diet_frontend" in /etc/nginx/sites-enabled/diet.conf:63
2026/03/02 21:48:53 [warn] 1#1: the "listen ... http2" directive is deprecated, use the "http2" directive instead in /etc/nginx/sites-enabled/diet.conf:28
2026/03/02 21:48:53 [warn] 1#1: the "listen ... http2" directive is deprecated, use the "http2" directive instead in /etc/nginx/sites-enabled/diet.conf:39
2026/03/02 21:48:53 [warn] 1#1: the "listen ... http2" directive is deprecated, use the "http2" directive instead in /etc/nginx/sites-enabled/geo.conf:26
2026/03/02 21:48:53 [warn] 1#1: the "listen ... http2" directive is deprecated, use the "http2" directive instead in /etc/nginx/sites-enabled/geo.conf:37
2026/03/02 21:48:53 [emerg] 1#1: host not found in upstream "diet_frontend" in /etc/nginx/sites-enabled/diet.conf:63
2026/03/02 21:49:53 [warn] 1#1: the "listen ... http2" directive is deprecated, use the "http2" directive instead in /etc/nginx/sites-enabled/diet.conf:28
2026/03/02 21:49:53 [warn] 1#1: the "listen ... http2" directive is deprecated, use the "http2" directive instead in /etc/nginx/sites-enabled/diet.conf:39
2026/03/02 21:49:53 [warn] 1#1: the "listen ... http2" directive is deprecated, use the "http2" directive instead in /etc/nginx/sites-enabled/geo.conf:26
2026/03/02 21:49:53 [warn] 1#1: the "listen ... http2" directive is deprecated, use the "http2" directive instead in /etc/nginx/sites-enabled/geo.conf:37
2026/03/02 21:49:53 [emerg] 1#1: host not found in upstream "diet_frontend" in /etc/nginx/sites-enabled/diet.conf:63
2026/03/02 21:50:53 [warn] 1#1: the "listen ... http2" directive is deprecated, use the "http2" directive instead in /etc/nginx/sites-enabled/diet.conf:28
2026/03/02 21:50:53 [warn] 1#1: the "listen ... http2" directive is deprecated, use the "http2" directive instead in /etc/nginx/sites-enabled/diet.conf:39
2026/03/02 21:50:53 [warn] 1#1: the "listen ... http2" directive is deprecated, use the "http2" directive instead in /etc/nginx/sites-enabled/geo.conf:26
2026/03/02 21:50:53 [warn] 1#1: the "listen ... http2" directive is deprecated, use the "http2" directive instead in /etc/nginx/sites-enabled/geo.conf:37
2026/03/02 21:50:53 [emerg] 1#1: host not found in upstream "diet_frontend" in /etc/nginx/sites-enabled/diet.conf:63
2026/03/02 21:51:53 [warn] 1#1: the "listen ... http2" directive is deprecated, use the "http2" directive instead in /etc/nginx/sites-enabled/diet.conf:28
2026/03/02 21:51:53 [warn] 1#1: the "listen ... http2" directive is deprecated, use the "http2" directive instead in /etc/nginx/sites-enabled/diet.conf:39
2026/03/02 21:51:53 [warn] 1#1: the "listen ... http2" directive is deprecated, use the "http2" directive instead in /etc/nginx/sites-enabled/geo.conf:26
2026/03/02 21:51:53 [warn] 1#1: the "listen ... http2" directive is deprecated, use the "http2" directive instead in /etc/nginx/sites-enabled/geo.conf:37
2026/03/02 21:51:53 [emerg] 1#1: host not found in upstream "diet_frontend" in /etc/nginx/sites-enabled/diet.conf:63
2026/03/02 21:52:53 [warn] 1#1: the "listen ... http2" directive is deprecated, use the "http2" directive instead in /etc/nginx/sites-enabled/diet.conf:28
2026/03/02 21:52:53 [warn] 1#1: the "listen ... http2" directive is deprecated, use the "http2" directive instead in /etc/nginx/sites-enabled/diet.conf:39
2026/03/02 21:52:53 [warn] 1#1: the "listen ... http2" directive is deprecated, use the "http2" directive instead in /etc/nginx/sites-enabled/geo.conf:26
2026/03/02 21:52:53 [warn] 1#1: the "listen ... http2" directive is deprecated, use the "http2" directive instead in /etc/nginx/sites-enabled/geo.conf:37
2026/03/02 21:52:53 [emerg] 1#1: host not found in upstream "diet_frontend" in /etc/nginx/sites-enabled/diet.conf:63
2026/03/02 21:53:53 [warn] 1#1: the "listen ... http2" directive is deprecated, use the "http2" directive instead in /etc/nginx/sites-enabled/diet.conf:28
2026/03/02 21:53:53 [warn] 1#1: the "listen ... http2" directive is deprecated, use the "http2" directive instead in /etc/nginx/sites-enabled/diet.conf:39
2026/03/02 21:53:53 [warn] 1#1: the "listen ... http2" directive is deprecated, use the "http2" directive instead in /etc/nginx/sites-enabled/geo.conf:26
2026/03/02 21:53:53 [warn] 1#1: the "listen ... http2" directive is deprecated, use the "http2" directive instead in /etc/nginx/sites-enabled/geo.conf:37
2026/03/02 21:53:53 [emerg] 1#1: host not found in upstream "diet_frontend" in /etc/nginx/sites-enabled/diet.conf:63
2026/03/02 21:54:54 [warn] 1#1: the "listen ... http2" directive is deprecated, use the "http2" directive instead in /etc/nginx/sites-enabled/diet.conf:28
2026/03/02 21:54:54 [warn] 1#1: the "listen ... http2" directive is deprecated, use the "http2" directive instead in /etc/nginx/sites-enabled/diet.conf:39
2026/03/02 21:54:54 [warn] 1#1: the "listen ... http2" directive is deprecated, use the "http2" directive instead in /etc/nginx/sites-enabled/geo.conf:26
2026/03/02 21:54:54 [warn] 1#1: the "listen ... http2" directive is deprecated, use the "http2" directive instead in /etc/nginx/sites-enabled/geo.conf:37
2026/03/02 21:54:54 [emerg] 1#1: host not found in upstream "diet_frontend" in /etc/nginx/sites-enabled/diet.conf:63
2026/03/02 21:55:54 [warn] 1#1: the "listen ... http2" directive is deprecated, use the "http2" directive instead in /etc/nginx/sites-enabled/diet.conf:28
2026/03/02 21:55:54 [warn] 1#1: the "listen ... http2" directive is deprecated, use the "http2" directive instead in /etc/nginx/sites-enabled/diet.conf:39
2026/03/02 21:55:54 [warn] 1#1: the "listen ... http2" directive is deprecated, use the "http2" directive instead in /etc/nginx/sites-enabled/geo.conf:26
2026/03/02 21:55:54 [warn] 1#1: the "listen ... http2" directive is deprecated, use the "http2" directive instead in /etc/nginx/sites-enabled/geo.conf:37
2026/03/02 21:55:54 [emerg] 1#1: host not found in upstream "diet_frontend" in /etc/nginx/sites-enabled/diet.conf:63
2026/03/02 21:56:54 [warn] 1#1: the "listen ... http2" directive is deprecated, use the "http2" directive instead in /etc/nginx/sites-enabled/diet.conf:28
2026/03/02 21:56:54 [warn] 1#1: the "listen ... http2" directive is deprecated, use the "http2" directive instead in /etc/nginx/sites-enabled/diet.conf:39
2026/03/02 21:56:54 [warn] 1#1: the "listen ... http2" directive is deprecated, use the "http2" directive instead in /etc/nginx/sites-enabled/geo.conf:26
2026/03/02 21:56:54 [warn] 1#1: the "listen ... http2" directive is deprecated, use the "http2" directive instead in /etc/nginx/sites-enabled/geo.conf:37
2026/03/02 21:56:54 [emerg] 1#1: host not found in upstream "diet_frontend" in /etc/nginx/sites-enabled/diet.conf:63
2026/03/02 21:57:54 [warn] 1#1: the "listen ... http2" directive is deprecated, use the "http2" directive instead in /etc/nginx/sites-enabled/diet.conf:28
2026/03/02 21:57:54 [warn] 1#1: the "listen ... http2" directive is deprecated, use the "http2" directive instead in /etc/nginx/sites-enabled/diet.conf:39
2026/03/02 21:57:54 [warn] 1#1: the "listen ... http2" directive is deprecated, use the "http2" directive instead in /etc/nginx/sites-enabled/geo.conf:26
2026/03/02 21:57:54 [warn] 1#1: the "listen ... http2" directive is deprecated, use the "http2" directive instead in /etc/nginx/sites-enabled/geo.conf:37
2026/03/02 21:57:54 [emerg] 1#1: host not found in upstream "diet_frontend" in /etc/nginx/sites-enabled/diet.conf:63
2026/03/02 21:58:54 [warn] 1#1: the "listen ... http2" directive is deprecated, use the "http2" directive instead in /etc/nginx/sites-enabled/diet.conf:28
2026/03/02 21:58:54 [warn] 1#1: the "listen ... http2" directive is deprecated, use the "http2" directive instead in /etc/nginx/sites-enabled/diet.conf:39
2026/03/02 21:58:54 [warn] 1#1: the "listen ... http2" directive is deprecated, use the "http2" directive instead in /etc/nginx/sites-enabled/geo.conf:26
2026/03/02 21:58:54 [warn] 1#1: the "listen ... http2" directive is deprecated, use the "http2" directive instead in /etc/nginx/sites-enabled/geo.conf:37
2026/03/02 21:58:54 [emerg] 1#1: host not found in upstream "diet_frontend" in /etc/nginx/sites-enabled/diet.conf:63
2026/03/02 21:59:54 [warn] 1#1: the "listen ... http2" directive is deprecated, use the "http2" directive instead in /etc/nginx/sites-enabled/diet.conf:28
2026/03/02 21:59:54 [warn] 1#1: the "listen ... http2" directive is deprecated, use the "http2" directive instead in /etc/nginx/sites-enabled/diet.conf:39
2026/03/02 21:59:54 [warn] 1#1: the "listen ... http2" directive is deprecated, use the "http2" directive instead in /etc/nginx/sites-enabled/geo.conf:26
2026/03/02 21:59:54 [warn] 1#1: the "listen ... http2" directive is deprecated, use the "http2" directive instead in /etc/nginx/sites-enabled/geo.conf:37
2026/03/02 21:59:54 [emerg] 1#1: host not found in upstream "diet_frontend" in /etc/nginx/sites-enabled/diet.conf:63
2026/03/02 22:00:54 [warn] 1#1: the "listen ... http2" directive is deprecated, use the "http2" directive instead in /etc/nginx/sites-enabled/diet.conf:28
2026/03/02 22:00:54 [warn] 1#1: the "listen ... http2" directive is deprecated, use the "http2" directive instead in /etc/nginx/sites-enabled/diet.conf:39
2026/03/02 22:00:54 [warn] 1#1: the "listen ... http2" directive is deprecated, use the "http2" directive instead in /etc/nginx/sites-enabled/geo.conf:26
2026/03/02 22:00:54 [warn] 1#1: the "listen ... http2" directive is deprecated, use the "http2" directive instead in /etc/nginx/sites-enabled/geo.conf:37
2026/03/02 22:00:54 [emerg] 1#1: host not found in upstream "diet_frontend" in /etc/nginx/sites-enabled/diet.conf:63
2026/03/02 22:01:55 [warn] 1#1: the "listen ... http2" directive is deprecated, use the "http2" directive instead in /etc/nginx/sites-enabled/diet.conf:28
2026/03/02 22:01:55 [warn] 1#1: the "listen ... http2" directive is deprecated, use the "http2" directive instead in /etc/nginx/sites-enabled/diet.conf:39
2026/03/02 22:01:55 [warn] 1#1: the "listen ... http2" directive is deprecated, use the "http2" directive instead in /etc/nginx/sites-enabled/geo.conf:26
2026/03/02 22:01:55 [warn] 1#1: the "listen ... http2" directive is deprecated, use the "http2" directive instead in /etc/nginx/sites-enabled/geo.conf:37
2026/03/02 22:01:55 [emerg] 1#1: host not found in upstream "diet_frontend" in /etc/nginx/sites-enabled/diet.conf:63
2026/03/02 22:02:55 [warn] 1#1: the "listen ... http2" directive is deprecated, use the "http2" directive instead in /etc/nginx/sites-enabled/diet.conf:28
2026/03/02 22:02:55 [warn] 1#1: the "listen ... http2" directive is deprecated, use the "http2" directive instead in /etc/nginx/sites-enabled/diet.conf:39
2026/03/02 22:02:55 [warn] 1#1: the "listen ... http2" directive is deprecated, use the "http2" directive instead in /etc/nginx/sites-enabled/geo.conf:26
2026/03/02 22:02:55 [warn] 1#1: the "listen ... http2" directive is deprecated, use the "http2" directive instead in /etc/nginx/sites-enabled/geo.conf:37
2026/03/02 22:02:55 [emerg] 1#1: host not found in upstream "diet_frontend" in /etc/nginx/sites-enabled/diet.conf:63
2026/03/02 22:03:55 [warn] 1#1: the "listen ... http2" directive is deprecated, use the "http2" directive instead in /etc/nginx/sites-enabled/diet.conf:28
2026/03/02 22:03:55 [warn] 1#1: the "listen ... http2" directive is deprecated, use the "http2" directive instead in /etc/nginx/sites-enabled/diet.conf:39
2026/03/02 22:03:55 [warn] 1#1: the "listen ... http2" directive is deprecated, use the "http2" directive instead in /etc/nginx/sites-enabled/geo.conf:26
2026/03/02 22:03:55 [warn] 1#1: the "listen ... http2" directive is deprecated, use the "http2" directive instead in /etc/nginx/sites-enabled/geo.conf:37
2026/03/02 22:03:55 [emerg] 1#1: host not found in upstream "diet_frontend" in /etc/nginx/sites-enabled/diet.conf:63
2026/03/02 22:04:55 [warn] 1#1: the "listen ... http2" directive is deprecated, use the "http2" directive instead in /etc/nginx/sites-enabled/diet.conf:28
2026/03/02 22:04:55 [warn] 1#1: the "listen ... http2" directive is deprecated, use the "http2" directive instead in /etc/nginx/sites-enabled/diet.conf:39
2026/03/02 22:04:55 [warn] 1#1: the "listen ... http2" directive is deprecated, use the "http2" directive instead in /etc/nginx/sites-enabled/geo.conf:26
2026/03/02 22:04:55 [warn] 1#1: the "listen ... http2" directive is deprecated, use the "http2" directive instead in /etc/nginx/sites-enabled/geo.conf:37
2026/03/02 22:04:55 [emerg] 1#1: host not found in upstream "diet_frontend" in /etc/nginx/sites-enabled/diet.conf:63
2026/03/02 22:05:55 [warn] 1#1: the "listen ... http2" directive is deprecated, use the "http2" directive instead in /etc/nginx/sites-enabled/diet.conf:28
2026/03/02 22:05:55 [warn] 1#1: the "listen ... http2" directive is deprecated, use the "http2" directive instead in /etc/nginx/sites-enabled/diet.conf:39
2026/03/02 22:05:55 [warn] 1#1: the "listen ... http2" directive is deprecated, use the "http2" directive instead in /etc/nginx/sites-enabled/geo.conf:26
2026/03/02 22:05:55 [warn] 1#1: the "listen ... http2" directive is deprecated, use the "http2" directive instead in /etc/nginx/sites-enabled/geo.conf:37
2026/03/02 22:05:55 [emerg] 1#1: host not found in upstream "diet_frontend" in /etc/nginx/sites-enabled/diet.conf:63
2026/03/02 22:06:55 [warn] 1#1: the "listen ... http2" directive is deprecated, use the "http2" directive instead in /etc/nginx/sites-enabled/diet.conf:28
2026/03/02 22:06:55 [warn] 1#1: the "listen ... http2" directive is deprecated, use the "http2" directive instead in /etc/nginx/sites-enabled/diet.conf:39
2026/03/02 22:06:55 [warn] 1#1: the "listen ... http2" directive is deprecated, use the "http2" directive instead in /etc/nginx/sites-enabled/geo.conf:26
2026/03/02 22:06:55 [warn] 1#1: the "listen ... http2" directive is deprecated, use the "http2" directive instead in /etc/nginx/sites-enabled/geo.conf:37
2026/03/02 22:06:55 [emerg] 1#1: host not found in upstream "diet_frontend" in /etc/nginx/sites-enabled/diet.conf:63
2026/03/02 22:07:56 [warn] 1#1: the "listen ... http2" directive is deprecated, use the "http2" directive instead in /etc/nginx/sites-enabled/diet.conf:28
2026/03/02 22:07:56 [warn] 1#1: the "listen ... http2" directive is deprecated, use the "http2" directive instead in /etc/nginx/sites-enabled/diet.conf:39
2026/03/02 22:07:56 [warn] 1#1: the "listen ... http2" directive is deprecated, use the "http2" directive instead in /etc/nginx/sites-enabled/geo.conf:26
2026/03/02 22:07:56 [warn] 1#1: the "listen ... http2" directive is deprecated, use the "http2" directive instead in /etc/nginx/sites-enabled/geo.conf:37
2026/03/02 22:07:56 [emerg] 1#1: host not found in upstream "diet_frontend" in /etc/nginx/sites-enabled/diet.conf:63
2026/03/02 22:08:56 [warn] 1#1: the "listen ... http2" directive is deprecated, use the "http2" directive instead in /etc/nginx/sites-enabled/diet.conf:28
2026/03/02 22:08:56 [warn] 1#1: the "listen ... http2" directive is deprecated, use the "http2" directive instead in /etc/nginx/sites-enabled/diet.conf:39
2026/03/02 22:08:56 [warn] 1#1: the "listen ... http2" directive is deprecated, use the "http2" directive instead in /etc/nginx/sites-enabled/geo.conf:26
2026/03/02 22:08:56 [warn] 1#1: the "listen ... http2" directive is deprecated, use the "http2" directive instead in /etc/nginx/sites-enabled/geo.conf:37
2026/03/02 22:08:56 [emerg] 1#1: host not found in upstream "diet_frontend" in /etc/nginx/sites-enabled/diet.conf:63
2026/03/02 22:09:56 [warn] 1#1: the "listen ... http2" directive is deprecated, use the "http2" directive instead in /etc/nginx/sites-enabled/diet.conf:28
2026/03/02 22:09:56 [warn] 1#1: the "listen ... http2" directive is deprecated, use the "http2" directive instead in /etc/nginx/sites-enabled/diet.conf:39
2026/03/02 22:09:56 [warn] 1#1: the "listen ... http2" directive is deprecated, use the "http2" directive instead in /etc/nginx/sites-enabled/geo.conf:26
2026/03/02 22:09:56 [warn] 1#1: the "listen ... http2" directive is deprecated, use the "http2" directive instead in /etc/nginx/sites-enabled/geo.conf:37
2026/03/02 22:09:56 [emerg] 1#1: host not found in upstream "diet_frontend" in /etc/nginx/sites-enabled/diet.conf:63
2026/03/02 22:10:56 [warn] 1#1: the "listen ... http2" directive is deprecated, use the "http2" directive instead in /etc/nginx/sites-enabled/diet.conf:28
2026/03/02 22:10:56 [warn] 1#1: the "listen ... http2" directive is deprecated, use the "http2" directive instead in /etc/nginx/sites-enabled/diet.conf:39
2026/03/02 22:10:56 [warn] 1#1: the "listen ... http2" directive is deprecated, use the "http2" directive instead in /etc/nginx/sites-enabled/geo.conf:26
2026/03/02 22:10:56 [warn] 1#1: the "listen ... http2" directive is deprecated, use the "http2" directive instead in /etc/nginx/sites-enabled/geo.conf:37
2026/03/02 22:10:56 [emerg] 1#1: host not found in upstream "diet_frontend" in /etc/nginx/sites-enabled/diet.conf:63
2026/03/02 22:11:56 [warn] 1#1: the "listen ... http2" directive is deprecated, use the "http2" directive instead in /etc/nginx/sites-enabled/diet.conf:28
2026/03/02 22:11:56 [warn] 1#1: the "listen ... http2" directive is deprecated, use the "http2" directive instead in /etc/nginx/sites-enabled/diet.conf:39
2026/03/02 22:11:56 [warn] 1#1: the "listen ... http2" directive is deprecated, use the "http2" directive instead in /etc/nginx/sites-enabled/geo.conf:26
2026/03/02 22:11:56 [warn] 1#1: the "listen ... http2" directive is deprecated, use the "http2" directive instead in /etc/nginx/sites-enabled/geo.conf:37
2026/03/02 22:11:56 [emerg] 1#1: host not found in upstream "diet_frontend" in /etc/nginx/sites-enabled/diet.conf:63
2026/03/02 22:12:56 [warn] 1#1: the "listen ... http2" directive is deprecated, use the "http2" directive instead in /etc/nginx/sites-enabled/diet.conf:28
2026/03/02 22:12:56 [warn] 1#1: the "listen ... http2" directive is deprecated, use the "http2" directive instead in /etc/nginx/sites-enabled/diet.conf:39
2026/03/02 22:12:56 [warn] 1#1: the "listen ... http2" directive is deprecated, use the "http2" directive instead in /etc/nginx/sites-enabled/geo.conf:26
2026/03/02 22:12:56 [warn] 1#1: the "listen ... http2" directive is deprecated, use the "http2" directive instead in /etc/nginx/sites-enabled/geo.conf:37
2026/03/02 22:12:56 [emerg] 1#1: host not found in upstream "diet_frontend" in /etc/nginx/sites-enabled/diet.conf:63
2026/03/02 22:13:57 [warn] 1#1: the "listen ... http2" directive is deprecated, use the "http2" directive instead in /etc/nginx/sites-enabled/diet.conf:28
2026/03/02 22:13:57 [warn] 1#1: the "listen ... http2" directive is deprecated, use the "http2" directive instead in /etc/nginx/sites-enabled/diet.conf:39
2026/03/02 22:13:57 [warn] 1#1: the "listen ... http2" directive is deprecated, use the "http2" directive instead in /etc/nginx/sites-enabled/geo.conf:26
2026/03/02 22:13:57 [warn] 1#1: the "listen ... http2" directive is deprecated, use the "http2" directive instead in /etc/nginx/sites-enabled/geo.conf:37
2026/03/02 22:13:57 [emerg] 1#1: host not found in upstream "diet_frontend" in /etc/nginx/sites-enabled/diet.conf:63
2026/03/02 22:14:57 [warn] 1#1: the "listen ... http2" directive is deprecated, use the "http2" directive instead in /etc/nginx/sites-enabled/diet.conf:28
2026/03/02 22:14:57 [warn] 1#1: the "listen ... http2" directive is deprecated, use the "http2" directive instead in /etc/nginx/sites-enabled/diet.conf:39
2026/03/02 22:14:57 [warn] 1#1: the "listen ... http2" directive is deprecated, use the "http2" directive instead in /etc/nginx/sites-enabled/geo.conf:26
2026/03/02 22:14:57 [warn] 1#1: the "listen ... http2" directive is deprecated, use the "http2" directive instead in /etc/nginx/sites-enabled/geo.conf:37
2026/03/02 22:14:57 [emerg] 1#1: host not found in upstream "diet_frontend" in /etc/nginx/sites-enabled/diet.conf:63
2026/03/02 22:15:57 [warn] 1#1: the "listen ... http2" directive is deprecated, use the "http2" directive instead in /etc/nginx/sites-enabled/diet.conf:28
2026/03/02 22:15:57 [warn] 1#1: the "listen ... http2" directive is deprecated, use the "http2" directive instead in /etc/nginx/sites-enabled/diet.conf:39
2026/03/02 22:15:57 [warn] 1#1: the "listen ... http2" directive is deprecated, use the "http2" directive instead in /etc/nginx/sites-enabled/geo.conf:26
2026/03/02 22:15:57 [warn] 1#1: the "listen ... http2" directive is deprecated, use the "http2" directive instead in /etc/nginx/sites-enabled/geo.conf:37
2026/03/02 22:15:57 [emerg] 1#1: host not found in upstream "diet_frontend" in /etc/nginx/sites-enabled/diet.conf:63
2026/03/02 22:16:57 [warn] 1#1: the "listen ... http2" directive is deprecated, use the "http2" directive instead in /etc/nginx/sites-enabled/diet.conf:28
2026/03/02 22:16:57 [warn] 1#1: the "listen ... http2" directive is deprecated, use the "http2" directive instead in /etc/nginx/sites-enabled/diet.conf:39
2026/03/02 22:16:57 [warn] 1#1: the "listen ... http2" directive is deprecated, use the "http2" directive instead in /etc/nginx/sites-enabled/geo.conf:26
2026/03/02 22:16:57 [warn] 1#1: the "listen ... http2" directive is deprecated, use the "http2" directive instead in /etc/nginx/sites-enabled/geo.conf:37
2026/03/02 22:16:57 [emerg] 1#1: host not found in upstream "diet_frontend" in /etc/nginx/sites-enabled/diet.conf:63
2026/03/02 22:17:57 [warn] 1#1: the "listen ... http2" directive is deprecated, use the "http2" directive instead in /etc/nginx/sites-enabled/diet.conf:28
2026/03/02 22:17:57 [warn] 1#1: the "listen ... http2" directive is deprecated, use the "http2" directive instead in /etc/nginx/sites-enabled/diet.conf:39
2026/03/02 22:17:57 [warn] 1#1: the "listen ... http2" directive is deprecated, use the "http2" directive instead in /etc/nginx/sites-enabled/geo.conf:26
2026/03/02 22:17:57 [warn] 1#1: the "listen ... http2" directive is deprecated, use the "http2" directive instead in /etc/nginx/sites-enabled/geo.conf:37
2026/03/02 22:17:57 [emerg] 1#1: host not found in upstream "diet_frontend" in /etc/nginx/sites-enabled/diet.conf:63
2026/03/02 22:18:57 [warn] 1#1: the "listen ... http2" directive is deprecated, use the "http2" directive instead in /etc/nginx/sites-enabled/diet.conf:28
2026/03/02 22:18:57 [warn] 1#1: the "listen ... http2" directive is deprecated, use the "http2" directive instead in /etc/nginx/sites-enabled/diet.conf:39
2026/03/02 22:18:57 [warn] 1#1: the "listen ... http2" directive is deprecated, use the "http2" directive instead in /etc/nginx/sites-enabled/geo.conf:26
2026/03/02 22:18:57 [warn] 1#1: the "listen ... http2" directive is deprecated, use the "http2" directive instead in /etc/nginx/sites-enabled/geo.conf:37
2026/03/02 22:18:57 [emerg] 1#1: host not found in upstream "diet_frontend" in /etc/nginx/sites-enabled/diet.conf:63
2026/03/02 22:19:58 [warn] 1#1: the "listen ... http2" directive is deprecated, use the "http2" directive instead in /etc/nginx/sites-enabled/diet.conf:28
2026/03/02 22:19:58 [warn] 1#1: the "listen ... http2" directive is deprecated, use the "http2" directive instead in /etc/nginx/sites-enabled/diet.conf:39
2026/03/02 22:19:58 [warn] 1#1: the "listen ... http2" directive is deprecated, use the "http2" directive instead in /etc/nginx/sites-enabled/geo.conf:26
2026/03/02 22:19:58 [warn] 1#1: the "listen ... http2" directive is deprecated, use the "http2" directive instead in /etc/nginx/sites-enabled/geo.conf:37
2026/03/02 22:19:58 [emerg] 1#1: host not found in upstream "diet_frontend" in /etc/nginx/sites-enabled/diet.conf:63
2026/03/02 22:20:58 [warn] 1#1: the "listen ... http2" directive is deprecated, use the "http2" directive instead in /etc/nginx/sites-enabled/diet.conf:28
2026/03/02 22:20:58 [warn] 1#1: the "listen ... http2" directive is deprecated, use the "http2" directive instead in /etc/nginx/sites-enabled/diet.conf:39
2026/03/02 22:20:58 [warn] 1#1: the "listen ... http2" directive is deprecated, use the "http2" directive instead in /etc/nginx/sites-enabled/geo.conf:26
2026/03/02 22:20:58 [warn] 1#1: the "listen ... http2" directive is deprecated, use the "http2" directive instead in /etc/nginx/sites-enabled/geo.conf:37
2026/03/02 22:20:58 [emerg] 1#1: host not found in upstream "diet_frontend" in /etc/nginx/sites-enabled/diet.conf:63
2026/03/02 22:21:58 [warn] 1#1: the "listen ... http2" directive is deprecated, use the "http2" directive instead in /etc/nginx/sites-enabled/diet.conf:28
2026/03/02 22:21:58 [warn] 1#1: the "listen ... http2" directive is deprecated, use the "http2" directive instead in /etc/nginx/sites-enabled/diet.conf:39
2026/03/02 22:21:58 [warn] 1#1: the "listen ... http2" directive is deprecated, use the "http2" directive instead in /etc/nginx/sites-enabled/geo.conf:26
2026/03/02 22:21:58 [warn] 1#1: the "listen ... http2" directive is deprecated, use the "http2" directive instead in /etc/nginx/sites-enabled/geo.conf:37
2026/03/02 22:21:58 [emerg] 1#1: host not found in upstream "diet_frontend" in /etc/nginx/sites-enabled/diet.conf:63
2026/03/02 22:22:58 [warn] 1#1: the "listen ... http2" directive is deprecated, use the "http2" directive instead in /etc/nginx/sites-enabled/diet.conf:28
2026/03/02 22:22:58 [warn] 1#1: the "listen ... http2" directive is deprecated, use the "http2" directive instead in /etc/nginx/sites-enabled/diet.conf:39
2026/03/02 22:22:58 [warn] 1#1: the "listen ... http2" directive is deprecated, use the "http2" directive instead in /etc/nginx/sites-enabled/geo.conf:26
2026/03/02 22:22:58 [warn] 1#1: the "listen ... http2" directive is deprecated, use the "http2" directive instead in /etc/nginx/sites-enabled/geo.conf:37
2026/03/02 22:22:58 [emerg] 1#1: host not found in upstream "diet_frontend" in /etc/nginx/sites-enabled/diet.conf:63
2026/03/02 22:23:58 [warn] 1#1: the "listen ... http2" directive is deprecated, use the "http2" directive instead in /etc/nginx/sites-enabled/diet.conf:28
2026/03/02 22:23:58 [warn] 1#1: the "listen ... http2" directive is deprecated, use the "http2" directive instead in /etc/nginx/sites-enabled/diet.conf:39
2026/03/02 22:23:58 [warn] 1#1: the "listen ... http2" directive is deprecated, use the "http2" directive instead in /etc/nginx/sites-enabled/geo.conf:26
2026/03/02 22:23:58 [warn] 1#1: the "listen ... http2" directive is deprecated, use the "http2" directive instead in /etc/nginx/sites-enabled/geo.conf:37
2026/03/02 22:23:58 [emerg] 1#1: host not found in upstream "diet_frontend" in /etc/nginx/sites-enabled/diet.conf:63
2026/03/02 22:24:58 [warn] 1#1: the "listen ... http2" directive is deprecated, use the "http2" directive instead in /etc/nginx/sites-enabled/diet.conf:28
2026/03/02 22:24:58 [warn] 1#1: the "listen ... http2" directive is deprecated, use the "http2" directive instead in /etc/nginx/sites-enabled/diet.conf:39
2026/03/02 22:24:58 [warn] 1#1: the "listen ... http2" directive is deprecated, use the "http2" directive instead in /etc/nginx/sites-enabled/geo.conf:26
2026/03/02 22:24:58 [warn] 1#1: the "listen ... http2" directive is deprecated, use the "http2" directive instead in /etc/nginx/sites-enabled/geo.conf:37
2026/03/02 22:24:58 [emerg] 1#1: host not found in upstream "diet_frontend" in /etc/nginx/sites-enabled/diet.conf:63
2026/03/02 22:25:59 [warn] 1#1: the "listen ... http2" directive is deprecated, use the "http2" directive instead in /etc/nginx/sites-enabled/diet.conf:28
2026/03/02 22:25:59 [warn] 1#1: the "listen ... http2" directive is deprecated, use the "http2" directive instead in /etc/nginx/sites-enabled/diet.conf:39
2026/03/02 22:25:59 [warn] 1#1: the "listen ... http2" directive is deprecated, use the "http2" directive instead in /etc/nginx/sites-enabled/geo.conf:26
2026/03/02 22:25:59 [warn] 1#1: the "listen ... http2" directive is deprecated, use the "http2" directive instead in /etc/nginx/sites-enabled/geo.conf:37
2026/03/02 22:25:59 [emerg] 1#1: host not found in upstream "diet_frontend" in /etc/nginx/sites-enabled/diet.conf:63
2026/03/02 22:26:59 [warn] 1#1: the "listen ... http2" directive is deprecated, use the "http2" directive instead in /etc/nginx/sites-enabled/diet.conf:28
2026/03/02 22:26:59 [warn] 1#1: the "listen ... http2" directive is deprecated, use the "http2" directive instead in /etc/nginx/sites-enabled/diet.conf:39
2026/03/02 22:26:59 [warn] 1#1: the "listen ... http2" directive is deprecated, use the "http2" directive instead in /etc/nginx/sites-enabled/geo.conf:26
2026/03/02 22:26:59 [warn] 1#1: the "listen ... http2" directive is deprecated, use the "http2" directive instead in /etc/nginx/sites-enabled/geo.conf:37
2026/03/02 22:26:59 [emerg] 1#1: host not found in upstream "diet_frontend" in /etc/nginx/sites-enabled/diet.conf:63
2026/03/02 22:27:59 [warn] 1#1: the "listen ... http2" directive is deprecated, use the "http2" directive instead in /etc/nginx/sites-enabled/diet.conf:28
2026/03/02 22:27:59 [warn] 1#1: the "listen ... http2" directive is deprecated, use the "http2" directive instead in /etc/nginx/sites-enabled/diet.conf:39
2026/03/02 22:27:59 [warn] 1#1: the "listen ... http2" directive is deprecated, use the "http2" directive instead in /etc/nginx/sites-enabled/geo.conf:26
2026/03/02 22:27:59 [warn] 1#1: the "listen ... http2" directive is deprecated, use the "http2" directive instead in /etc/nginx/sites-enabled/geo.conf:37
2026/03/02 22:27:59 [emerg] 1#1: host not found in upstream "diet_frontend" in /etc/nginx/sites-enabled/diet.conf:63
2026/03/02 22:28:59 [warn] 1#1: the "listen ... http2" directive is deprecated, use the "http2" directive instead in /etc/nginx/sites-enabled/diet.conf:28
2026/03/02 22:28:59 [warn] 1#1: the "listen ... http2" directive is deprecated, use the "http2" directive instead in /etc/nginx/sites-enabled/diet.conf:39
2026/03/02 22:28:59 [warn] 1#1: the "listen ... http2" directive is deprecated, use the "http2" directive instead in /etc/nginx/sites-enabled/geo.conf:26
2026/03/02 22:28:59 [warn] 1#1: the "listen ... http2" directive is deprecated, use the "http2" directive instead in /etc/nginx/sites-enabled/geo.conf:37
2026/03/02 22:28:59 [emerg] 1#1: host not found in upstream "diet_frontend" in /etc/nginx/sites-enabled/diet.conf:63
2026/03/02 22:29:59 [warn] 1#1: the "listen ... http2" directive is deprecated, use the "http2" directive instead in /etc/nginx/sites-enabled/diet.conf:28
2026/03/02 22:29:59 [warn] 1#1: the "listen ... http2" directive is deprecated, use the "http2" directive instead in /etc/nginx/sites-enabled/diet.conf:39
2026/03/02 22:29:59 [warn] 1#1: the "listen ... http2" directive is deprecated, use the "http2" directive instead in /etc/nginx/sites-enabled/geo.conf:26
2026/03/02 22:29:59 [warn] 1#1: the "listen ... http2" directive is deprecated, use the "http2" directive instead in /etc/nginx/sites-enabled/geo.conf:37
2026/03/02 22:29:59 [emerg] 1#1: host not found in upstream "diet_frontend" in /etc/nginx/sites-enabled/diet.conf:63
2026/03/02 22:30:59 [warn] 1#1: the "listen ... http2" directive is deprecated, use the "http2" directive instead in /etc/nginx/sites-enabled/diet.conf:28
2026/03/02 22:30:59 [warn] 1#1: the "listen ... http2" directive is deprecated, use the "http2" directive instead in /etc/nginx/sites-enabled/diet.conf:39
2026/03/02 22:30:59 [warn] 1#1: the "listen ... http2" directive is deprecated, use the "http2" directive instead in /etc/nginx/sites-enabled/geo.conf:26
2026/03/02 22:30:59 [warn] 1#1: the "listen ... http2" directive is deprecated, use the "http2" directive instead in /etc/nginx/sites-enabled/geo.conf:37
2026/03/02 22:30:59 [emerg] 1#1: host not found in upstream "diet_frontend" in /etc/nginx/sites-enabled/diet.conf:63
2026/03/02 22:31:59 [warn] 1#1: the "listen ... http2" directive is deprecated, use the "http2" directive instead in /etc/nginx/sites-enabled/diet.conf:28
2026/03/02 22:31:59 [warn] 1#1: the "listen ... http2" directive is deprecated, use the "http2" directive instead in /etc/nginx/sites-enabled/diet.conf:39
2026/03/02 22:31:59 [warn] 1#1: the "listen ... http2" directive is deprecated, use the "http2" directive instead in /etc/nginx/sites-enabled/geo.conf:26
2026/03/02 22:31:59 [warn] 1#1: the "listen ... http2" directive is deprecated, use the "http2" directive instead in /etc/nginx/sites-enabled/geo.conf:37
2026/03/02 22:31:59 [emerg] 1#1: host not found in upstream "diet_frontend" in /etc/nginx/sites-enabled/diet.conf:63
2026/03/02 22:33:00 [warn] 1#1: the "listen ... http2" directive is deprecated, use the "http2" directive instead in /etc/nginx/sites-enabled/diet.conf:28
2026/03/02 22:33:00 [warn] 1#1: the "listen ... http2" directive is deprecated, use the "http2" directive instead in /etc/nginx/sites-enabled/diet.conf:39
2026/03/02 22:33:00 [warn] 1#1: the "listen ... http2" directive is deprecated, use the "http2" directive instead in /etc/nginx/sites-enabled/geo.conf:26
2026/03/02 22:33:00 [warn] 1#1: the "listen ... http2" directive is deprecated, use the "http2" directive instead in /etc/nginx/sites-enabled/geo.conf:37
2026/03/02 22:33:00 [emerg] 1#1: host not found in upstream "diet_frontend" in /etc/nginx/sites-enabled/diet.conf:63
2026/03/02 22:34:00 [warn] 1#1: the "listen ... http2" directive is deprecated, use the "http2" directive instead in /etc/nginx/sites-enabled/diet.conf:28
2026/03/02 22:34:00 [warn] 1#1: the "listen ... http2" directive is deprecated, use the "http2" directive instead in /etc/nginx/sites-enabled/diet.conf:39
2026/03/02 22:34:00 [warn] 1#1: the "listen ... http2" directive is deprecated, use the "http2" directive instead in /etc/nginx/sites-enabled/geo.conf:26
2026/03/02 22:34:00 [warn] 1#1: the "listen ... http2" directive is deprecated, use the "http2" directive instead in /etc/nginx/sites-enabled/geo.conf:37
2026/03/02 22:34:00 [emerg] 1#1: host not found in upstream "diet_frontend" in /etc/nginx/sites-enabled/diet.conf:63
2026/03/02 22:35:00 [warn] 1#1: the "listen ... http2" directive is deprecated, use the "http2" directive instead in /etc/nginx/sites-enabled/diet.conf:28
2026/03/02 22:35:00 [warn] 1#1: the "listen ... http2" directive is deprecated, use the "http2" directive instead in /etc/nginx/sites-enabled/diet.conf:39
2026/03/02 22:35:00 [warn] 1#1: the "listen ... http2" directive is deprecated, use the "http2" directive instead in /etc/nginx/sites-enabled/geo.conf:26
2026/03/02 22:35:00 [warn] 1#1: the "listen ... http2" directive is deprecated, use the "http2" directive instead in /etc/nginx/sites-enabled/geo.conf:37
2026/03/02 22:35:00 [emerg] 1#1: host not found in upstream "diet_frontend" in /etc/nginx/sites-enabled/diet.conf:63
2026/03/02 22:36:00 [warn] 1#1: the "listen ... http2" directive is deprecated, use the "http2" directive instead in /etc/nginx/sites-enabled/diet.conf:28
2026/03/02 22:36:00 [warn] 1#1: the "listen ... http2" directive is deprecated, use the "http2" directive instead in /etc/nginx/sites-enabled/diet.conf:39
2026/03/02 22:36:00 [warn] 1#1: the "listen ... http2" directive is deprecated, use the "http2" directive instead in /etc/nginx/sites-enabled/geo.conf:26
2026/03/02 22:36:00 [warn] 1#1: the "listen ... http2" directive is deprecated, use the "http2" directive instead in /etc/nginx/sites-enabled/geo.conf:37
2026/03/02 22:36:00 [emerg] 1#1: host not found in upstream "diet_frontend" in /etc/nginx/sites-enabled/diet.conf:63
2026/03/02 22:37:00 [warn] 1#1: the "listen ... http2" directive is deprecated, use the "http2" directive instead in /etc/nginx/sites-enabled/diet.conf:28
2026/03/02 22:37:00 [warn] 1#1: the "listen ... http2" directive is deprecated, use the "http2" directive instead in /etc/nginx/sites-enabled/diet.conf:39
2026/03/02 22:37:00 [warn] 1#1: the "listen ... http2" directive is deprecated, use the "http2" directive instead in /etc/nginx/sites-enabled/geo.conf:26
2026/03/02 22:37:00 [warn] 1#1: the "listen ... http2" directive is deprecated, use the "http2" directive instead in /etc/nginx/sites-enabled/geo.conf:37
2026/03/02 22:37:00 [emerg] 1#1: host not found in upstream "diet_frontend" in /etc/nginx/sites-enabled/diet.conf:63
2026/03/02 22:38:00 [warn] 1#1: the "listen ... http2" directive is deprecated, use the "http2" directive instead in /etc/nginx/sites-enabled/diet.conf:28
2026/03/02 22:38:00 [warn] 1#1: the "listen ... http2" directive is deprecated, use the "http2" directive instead in /etc/nginx/sites-enabled/diet.conf:39
2026/03/02 22:38:00 [warn] 1#1: the "listen ... http2" directive is deprecated, use the "http2" directive instead in /etc/nginx/sites-enabled/geo.conf:26
2026/03/02 22:38:00 [warn] 1#1: the "listen ... http2" directive is deprecated, use the "http2" directive instead in /etc/nginx/sites-enabled/geo.conf:37
2026/03/02 22:38:00 [emerg] 1#1: host not found in upstream "diet_frontend" in /etc/nginx/sites-enabled/diet.conf:63
2026/03/02 22:39:01 [warn] 1#1: the "listen ... http2" directive is deprecated, use the "http2" directive instead in /etc/nginx/sites-enabled/diet.conf:28
2026/03/02 22:39:01 [warn] 1#1: the "listen ... http2" directive is deprecated, use the "http2" directive instead in /etc/nginx/sites-enabled/diet.conf:39
2026/03/02 22:39:01 [warn] 1#1: the "listen ... http2" directive is deprecated, use the "http2" directive instead in /etc/nginx/sites-enabled/geo.conf:26
2026/03/02 22:39:01 [warn] 1#1: the "listen ... http2" directive is deprecated, use the "http2" directive instead in /etc/nginx/sites-enabled/geo.conf:37
2026/03/02 22:39:01 [emerg] 1#1: host not found in upstream "diet_frontend" in /etc/nginx/sites-enabled/diet.conf:63
2026/03/02 22:40:01 [warn] 1#1: the "listen ... http2" directive is deprecated, use the "http2" directive instead in /etc/nginx/sites-enabled/diet.conf:28
2026/03/02 22:40:01 [warn] 1#1: the "listen ... http2" directive is deprecated, use the "http2" directive instead in /etc/nginx/sites-enabled/diet.conf:39
2026/03/02 22:40:01 [warn] 1#1: the "listen ... http2" directive is deprecated, use the "http2" directive instead in /etc/nginx/sites-enabled/geo.conf:26
2026/03/02 22:40:01 [warn] 1#1: the "listen ... http2" directive is deprecated, use the "http2" directive instead in /etc/nginx/sites-enabled/geo.conf:37
2026/03/02 22:40:01 [emerg] 1#1: host not found in upstream "diet_frontend" in /etc/nginx/sites-enabled/diet.conf:63
2026/03/02 22:41:01 [warn] 1#1: the "listen ... http2" directive is deprecated, use the "http2" directive instead in /etc/nginx/sites-enabled/diet.conf:28
2026/03/02 22:41:01 [warn] 1#1: the "listen ... http2" directive is deprecated, use the "http2" directive instead in /etc/nginx/sites-enabled/diet.conf:39
2026/03/02 22:41:01 [warn] 1#1: the "listen ... http2" directive is deprecated, use the "http2" directive instead in /etc/nginx/sites-enabled/geo.conf:26
2026/03/02 22:41:01 [warn] 1#1: the "listen ... http2" directive is deprecated, use the "http2" directive instead in /etc/nginx/sites-enabled/geo.conf:37
2026/03/02 22:41:01 [emerg] 1#1: host not found in upstream "diet_frontend" in /etc/nginx/sites-enabled/diet.conf:63
2026/03/02 22:42:01 [warn] 1#1: the "listen ... http2" directive is deprecated, use the "http2" directive instead in /etc/nginx/sites-enabled/diet.conf:28
2026/03/02 22:42:01 [warn] 1#1: the "listen ... http2" directive is deprecated, use the "http2" directive instead in /etc/nginx/sites-enabled/diet.conf:39
2026/03/02 22:42:01 [warn] 1#1: the "listen ... http2" directive is deprecated, use the "http2" directive instead in /etc/nginx/sites-enabled/geo.conf:26
2026/03/02 22:42:01 [warn] 1#1: the "listen ... http2" directive is deprecated, use the "http2" directive instead in /etc/nginx/sites-enabled/geo.conf:37
2026/03/02 22:42:01 [emerg] 1#1: host not found in upstream "diet_frontend" in /etc/nginx/sites-enabled/diet.conf:63
2026/03/02 22:43:01 [warn] 1#1: the "listen ... http2" directive is deprecated, use the "http2" directive instead in /etc/nginx/sites-enabled/diet.conf:28
2026/03/02 22:43:01 [warn] 1#1: the "listen ... http2" directive is deprecated, use the "http2" directive instead in /etc/nginx/sites-enabled/diet.conf:39
2026/03/02 22:43:01 [warn] 1#1: the "listen ... http2" directive is deprecated, use the "http2" directive instead in /etc/nginx/sites-enabled/geo.conf:26
2026/03/02 22:43:01 [warn] 1#1: the "listen ... http2" directive is deprecated, use the "http2" directive instead in /etc/nginx/sites-enabled/geo.conf:37
2026/03/02 22:43:01 [emerg] 1#1: host not found in upstream "diet_frontend" in /etc/nginx/sites-enabled/diet.conf:63
2026/03/02 22:44:02 [warn] 1#1: the "listen ... http2" directive is deprecated, use the "http2" directive instead in /etc/nginx/sites-enabled/diet.conf:28
2026/03/02 22:44:02 [warn] 1#1: the "listen ... http2" directive is deprecated, use the "http2" directive instead in /etc/nginx/sites-enabled/diet.conf:39
2026/03/02 22:44:02 [warn] 1#1: the "listen ... http2" directive is deprecated, use the "http2" directive instead in /etc/nginx/sites-enabled/geo.conf:26
2026/03/02 22:44:02 [warn] 1#1: the "listen ... http2" directive is deprecated, use the "http2" directive instead in /etc/nginx/sites-enabled/geo.conf:37
2026/03/02 22:44:02 [emerg] 1#1: host not found in upstream "diet_frontend" in /etc/nginx/sites-enabled/diet.conf:63
2026/03/02 22:45:02 [warn] 1#1: the "listen ... http2" directive is deprecated, use the "http2" directive instead in /etc/nginx/sites-enabled/diet.conf:28
2026/03/02 22:45:02 [warn] 1#1: the "listen ... http2" directive is deprecated, use the "http2" directive instead in /etc/nginx/sites-enabled/diet.conf:39
2026/03/02 22:45:02 [warn] 1#1: the "listen ... http2" directive is deprecated, use the "http2" directive instead in /etc/nginx/sites-enabled/geo.conf:26
2026/03/02 22:45:02 [warn] 1#1: the "listen ... http2" directive is deprecated, use the "http2" directive instead in /etc/nginx/sites-enabled/geo.conf:37
2026/03/02 22:45:02 [emerg] 1#1: host not found in upstream "diet_frontend" in /etc/nginx/sites-enabled/diet.conf:63
2026/03/02 22:46:02 [warn] 1#1: the "listen ... http2" directive is deprecated, use the "http2" directive instead in /etc/nginx/sites-enabled/diet.conf:28
2026/03/02 22:46:02 [warn] 1#1: the "listen ... http2" directive is deprecated, use the "http2" directive instead in /etc/nginx/sites-enabled/diet.conf:39
2026/03/02 22:46:02 [warn] 1#1: the "listen ... http2" directive is deprecated, use the "http2" directive instead in /etc/nginx/sites-enabled/geo.conf:26
2026/03/02 22:46:02 [warn] 1#1: the "listen ... http2" directive is deprecated, use the "http2" directive instead in /etc/nginx/sites-enabled/geo.conf:37
2026/03/02 22:46:02 [emerg] 1#1: host not found in upstream "diet_frontend" in /etc/nginx/sites-enabled/diet.conf:63
2026/03/02 22:47:02 [warn] 1#1: the "listen ... http2" directive is deprecated, use the "http2" directive instead in /etc/nginx/sites-enabled/diet.conf:28
2026/03/02 22:47:02 [warn] 1#1: the "listen ... http2" directive is deprecated, use the "http2" directive instead in /etc/nginx/sites-enabled/diet.conf:39
2026/03/02 22:47:02 [warn] 1#1: the "listen ... http2" directive is deprecated, use the "http2" directive instead in /etc/nginx/sites-enabled/geo.conf:26
2026/03/02 22:47:02 [warn] 1#1: the "listen ... http2" directive is deprecated, use the "http2" directive instead in /etc/nginx/sites-enabled/geo.conf:37
2026/03/02 22:47:02 [emerg] 1#1: host not found in upstream "diet_frontend" in /etc/nginx/sites-enabled/diet.conf:63
2026/03/02 22:48:02 [warn] 1#1: the "listen ... http2" directive is deprecated, use the "http2" directive instead in /etc/nginx/sites-enabled/diet.conf:28
2026/03/02 22:48:02 [warn] 1#1: the "listen ... http2" directive is deprecated, use the "http2" directive instead in /etc/nginx/sites-enabled/diet.conf:39
2026/03/02 22:48:02 [warn] 1#1: the "listen ... http2" directive is deprecated, use the "http2" directive instead in /etc/nginx/sites-enabled/geo.conf:26
2026/03/02 22:48:02 [warn] 1#1: the "listen ... http2" directive is deprecated, use the "http2" directive instead in /etc/nginx/sites-enabled/geo.conf:37
2026/03/02 22:48:02 [emerg] 1#1: host not found in upstream "diet_frontend" in /etc/nginx/sites-enabled/diet.conf:63
2026/03/02 22:49:02 [warn] 1#1: the "listen ... http2" directive is deprecated, use the "http2" directive instead in /etc/nginx/sites-enabled/diet.conf:28
2026/03/02 22:49:02 [warn] 1#1: the "listen ... http2" directive is deprecated, use the "http2" directive instead in /etc/nginx/sites-enabled/diet.conf:39
2026/03/02 22:49:02 [warn] 1#1: the "listen ... http2" directive is deprecated, use the "http2" directive instead in /etc/nginx/sites-enabled/geo.conf:26
2026/03/02 22:49:02 [warn] 1#1: the "listen ... http2" directive is deprecated, use the "http2" directive instead in /etc/nginx/sites-enabled/geo.conf:37
2026/03/02 22:49:02 [emerg] 1#1: host not found in upstream "diet_frontend" in /etc/nginx/sites-enabled/diet.conf:63
2026/03/02 22:50:02 [warn] 1#1: the "listen ... http2" directive is deprecated, use the "http2" directive instead in /etc/nginx/sites-enabled/diet.conf:28
2026/03/02 22:50:02 [warn] 1#1: the "listen ... http2" directive is deprecated, use the "http2" directive instead in /etc/nginx/sites-enabled/diet.conf:39
2026/03/02 22:50:02 [warn] 1#1: the "listen ... http2" directive is deprecated, use the "http2" directive instead in /etc/nginx/sites-enabled/geo.conf:26
2026/03/02 22:50:02 [warn] 1#1: the "listen ... http2" directive is deprecated, use the "http2" directive instead in /etc/nginx/sites-enabled/geo.conf:37
2026/03/02 22:50:02 [emerg] 1#1: host not found in upstream "diet_frontend" in /etc/nginx/sites-enabled/diet.conf:63
2026/03/02 22:51:03 [warn] 1#1: the "listen ... http2" directive is deprecated, use the "http2" directive instead in /etc/nginx/sites-enabled/diet.conf:28
2026/03/02 22:51:03 [warn] 1#1: the "listen ... http2" directive is deprecated, use the "http2" directive instead in /etc/nginx/sites-enabled/diet.conf:39
2026/03/02 22:51:03 [warn] 1#1: the "listen ... http2" directive is deprecated, use the "http2" directive instead in /etc/nginx/sites-enabled/geo.conf:26
2026/03/02 22:51:03 [warn] 1#1: the "listen ... http2" directive is deprecated, use the "http2" directive instead in /etc/nginx/sites-enabled/geo.conf:37
2026/03/02 22:51:03 [emerg] 1#1: host not found in upstream "diet_frontend" in /etc/nginx/sites-enabled/diet.conf:63
2026/03/02 22:52:03 [warn] 1#1: the "listen ... http2" directive is deprecated, use the "http2" directive instead in /etc/nginx/sites-enabled/diet.conf:28
2026/03/02 22:52:03 [warn] 1#1: the "listen ... http2" directive is deprecated, use the "http2" directive instead in /etc/nginx/sites-enabled/diet.conf:39
2026/03/02 22:52:03 [warn] 1#1: the "listen ... http2" directive is deprecated, use the "http2" directive instead in /etc/nginx/sites-enabled/geo.conf:26
2026/03/02 22:52:03 [warn] 1#1: the "listen ... http2" directive is deprecated, use the "http2" directive instead in /etc/nginx/sites-enabled/geo.conf:37
2026/03/02 22:52:03 [emerg] 1#1: host not found in upstream "diet_frontend" in /etc/nginx/sites-enabled/diet.conf:63
2026/03/02 22:53:03 [warn] 1#1: the "listen ... http2" directive is deprecated, use the "http2" directive instead in /etc/nginx/sites-enabled/diet.conf:28
2026/03/02 22:53:03 [warn] 1#1: the "listen ... http2" directive is deprecated, use the "http2" directive instead in /etc/nginx/sites-enabled/diet.conf:39
2026/03/02 22:53:03 [warn] 1#1: the "listen ... http2" directive is deprecated, use the "http2" directive instead in /etc/nginx/sites-enabled/geo.conf:26
2026/03/02 22:53:03 [warn] 1#1: the "listen ... http2" directive is deprecated, use the "http2" directive instead in /etc/nginx/sites-enabled/geo.conf:37
2026/03/02 22:53:03 [emerg] 1#1: host not found in upstream "diet_frontend" in /etc/nginx/sites-enabled/diet.conf:63
2026/03/02 22:54:03 [warn] 1#1: the "listen ... http2" directive is deprecated, use the "http2" directive instead in /etc/nginx/sites-enabled/diet.conf:28
2026/03/02 22:54:03 [warn] 1#1: the "listen ... http2" directive is deprecated, use the "http2" directive instead in /etc/nginx/sites-enabled/diet.conf:39
2026/03/02 22:54:03 [warn] 1#1: the "listen ... http2" directive is deprecated, use the "http2" directive instead in /etc/nginx/sites-enabled/geo.conf:26
2026/03/02 22:54:03 [warn] 1#1: the "listen ... http2" directive is deprecated, use the "http2" directive instead in /etc/nginx/sites-enabled/geo.conf:37
2026/03/02 22:54:03 [emerg] 1#1: host not found in upstream "diet_frontend" in /etc/nginx/sites-enabled/diet.conf:63
2026/03/02 22:55:03 [warn] 1#1: the "listen ... http2" directive is deprecated, use the "http2" directive instead in /etc/nginx/sites-enabled/diet.conf:28
2026/03/02 22:55:03 [warn] 1#1: the "listen ... http2" directive is deprecated, use the "http2" directive instead in /etc/nginx/sites-enabled/diet.conf:39
2026/03/02 22:55:03 [warn] 1#1: the "listen ... http2" directive is deprecated, use the "http2" directive instead in /etc/nginx/sites-enabled/geo.conf:26
2026/03/02 22:55:03 [warn] 1#1: the "listen ... http2" directive is deprecated, use the "http2" directive instead in /etc/nginx/sites-enabled/geo.conf:37
2026/03/02 22:55:03 [emerg] 1#1: host not found in upstream "diet_frontend" in /etc/nginx/sites-enabled/diet.conf:63
2026/03/02 22:56:03 [warn] 1#1: the "listen ... http2" directive is deprecated, use the "http2" directive instead in /etc/nginx/sites-enabled/diet.conf:28
2026/03/02 22:56:03 [warn] 1#1: the "listen ... http2" directive is deprecated, use the "http2" directive instead in /etc/nginx/sites-enabled/diet.conf:39
2026/03/02 22:56:03 [warn] 1#1: the "listen ... http2" directive is deprecated, use the "http2" directive instead in /etc/nginx/sites-enabled/geo.conf:26
2026/03/02 22:56:03 [warn] 1#1: the "listen ... http2" directive is deprecated, use the "http2" directive instead in /etc/nginx/sites-enabled/geo.conf:37
2026/03/02 22:56:03 [emerg] 1#1: host not found in upstream "diet_frontend" in /etc/nginx/sites-enabled/diet.conf:63
2026/03/02 22:57:04 [warn] 1#1: the "listen ... http2" directive is deprecated, use the "http2" directive instead in /etc/nginx/sites-enabled/diet.conf:28
2026/03/02 22:57:04 [warn] 1#1: the "listen ... http2" directive is deprecated, use the "http2" directive instead in /etc/nginx/sites-enabled/diet.conf:39
2026/03/02 22:57:04 [warn] 1#1: the "listen ... http2" directive is deprecated, use the "http2" directive instead in /etc/nginx/sites-enabled/geo.conf:26
2026/03/02 22:57:04 [warn] 1#1: the "listen ... http2" directive is deprecated, use the "http2" directive instead in /etc/nginx/sites-enabled/geo.conf:37
2026/03/02 22:57:04 [emerg] 1#1: host not found in upstream "diet_frontend" in /etc/nginx/sites-enabled/diet.conf:63
2026/03/02 22:58:04 [warn] 1#1: the "listen ... http2" directive is deprecated, use the "http2" directive instead in /etc/nginx/sites-enabled/diet.conf:28
2026/03/02 22:58:04 [warn] 1#1: the "listen ... http2" directive is deprecated, use the "http2" directive instead in /etc/nginx/sites-enabled/diet.conf:39
2026/03/02 22:58:04 [warn] 1#1: the "listen ... http2" directive is deprecated, use the "http2" directive instead in /etc/nginx/sites-enabled/geo.conf:26
2026/03/02 22:58:04 [warn] 1#1: the "listen ... http2" directive is deprecated, use the "http2" directive instead in /etc/nginx/sites-enabled/geo.conf:37
2026/03/02 22:58:04 [emerg] 1#1: host not found in upstream "diet_frontend" in /etc/nginx/sites-enabled/diet.conf:63
2026/03/02 22:59:04 [warn] 1#1: the "listen ... http2" directive is deprecated, use the "http2" directive instead in /etc/nginx/sites-enabled/diet.conf:28
2026/03/02 22:59:04 [warn] 1#1: the "listen ... http2" directive is deprecated, use the "http2" directive instead in /etc/nginx/sites-enabled/diet.conf:39
2026/03/02 22:59:04 [warn] 1#1: the "listen ... http2" directive is deprecated, use the "http2" directive instead in /etc/nginx/sites-enabled/geo.conf:26
2026/03/02 22:59:04 [warn] 1#1: the "listen ... http2" directive is deprecated, use the "http2" directive instead in /etc/nginx/sites-enabled/geo.conf:37
2026/03/02 22:59:04 [emerg] 1#1: host not found in upstream "diet_frontend" in /etc/nginx/sites-enabled/diet.conf:63
2026/03/12 19:09:07 [warn] 1#1: the "listen ... http2" directive is deprecated, use the "http2" directive instead in /etc/nginx/sites-enabled/diet.conf:28
2026/03/12 19:09:07 [warn] 1#1: the "listen ... http2" directive is deprecated, use the "http2" directive instead in /etc/nginx/sites-enabled/diet.conf:39
2026/03/12 19:09:07 [warn] 1#1: the "listen ... http2" directive is deprecated, use the "http2" directive instead in /etc/nginx/sites-enabled/geo.conf:26
2026/03/12 19:09:07 [warn] 1#1: the "listen ... http2" directive is deprecated, use the "http2" directive instead in /etc/nginx/sites-enabled/geo.conf:37
2026/03/12 19:09:07 [emerg] 1#1: host not found in upstream "diet_frontend" in /etc/nginx/sites-enabled/diet.conf:63
2026/03/12 19:09:07 [warn] 1#1: the "listen ... http2" directive is deprecated, use the "http2" directive instead in /etc/nginx/sites-enabled/diet.conf:28
2026/03/12 19:09:07 [warn] 1#1: the "listen ... http2" directive is deprecated, use the "http2" directive instead in /etc/nginx/sites-enabled/diet.conf:39
2026/03/12 19:09:07 [warn] 1#1: the "listen ... http2" directive is deprecated, use the "http2" directive instead in /etc/nginx/sites-enabled/geo.conf:26
2026/03/12 19:09:07 [warn] 1#1: the "listen ... http2" directive is deprecated, use the "http2" directive instead in /etc/nginx/sites-enabled/geo.conf:37
2026/03/12 19:09:07 [emerg] 1#1: host not found in upstream "diet_frontend" in /etc/nginx/sites-enabled/diet.conf:63
2026/03/12 19:09:08 [warn] 1#1: the "listen ... http2" directive is deprecated, use the "http2" directive instead in /etc/nginx/sites-enabled/diet.conf:28
2026/03/12 19:09:08 [warn] 1#1: the "listen ... http2" directive is deprecated, use the "http2" directive instead in /etc/nginx/sites-enabled/diet.conf:39
2026/03/12 19:09:08 [warn] 1#1: the "listen ... http2" directive is deprecated, use the "http2" directive instead in /etc/nginx/sites-enabled/geo.conf:26
2026/03/12 19:09:08 [warn] 1#1: the "listen ... http2" directive is deprecated, use the "http2" directive instead in /etc/nginx/sites-enabled/geo.conf:37
2026/03/12 19:09:08 [emerg] 1#1: host not found in upstream "diet_frontend" in /etc/nginx/sites-enabled/diet.conf:63
2026/03/12 19:09:08 [warn] 1#1: the "listen ... http2" directive is deprecated, use the "http2" directive instead in /etc/nginx/sites-enabled/diet.conf:28
2026/03/12 19:09:08 [warn] 1#1: the "listen ... http2" directive is deprecated, use the "http2" directive instead in /etc/nginx/sites-enabled/diet.conf:39
2026/03/12 19:09:08 [warn] 1#1: the "listen ... http2" directive is deprecated, use the "http2" directive instead in /etc/nginx/sites-enabled/geo.conf:26
2026/03/12 19:09:08 [warn] 1#1: the "listen ... http2" directive is deprecated, use the "http2" directive instead in /etc/nginx/sites-enabled/geo.conf:37
2026/03/12 19:09:08 [emerg] 1#1: host not found in upstream "diet_frontend" in /etc/nginx/sites-enabled/diet.conf:63
2026/03/12 19:09:09 [warn] 1#1: the "listen ... http2" directive is deprecated, use the "http2" directive instead in /etc/nginx/sites-enabled/diet.conf:28
2026/03/12 19:09:09 [warn] 1#1: the "listen ... http2" directive is deprecated, use the "http2" directive instead in /etc/nginx/sites-enabled/diet.conf:39
2026/03/12 19:09:09 [warn] 1#1: the "listen ... http2" directive is deprecated, use the "http2" directive instead in /etc/nginx/sites-enabled/geo.conf:26
2026/03/12 19:09:09 [warn] 1#1: the "listen ... http2" directive is deprecated, use the "http2" directive instead in /etc/nginx/sites-enabled/geo.conf:37
2026/03/12 19:09:09 [emerg] 1#1: host not found in upstream "diet_frontend" in /etc/nginx/sites-enabled/diet.conf:63
2026/03/12 19:09:11 [warn] 1#1: the "listen ... http2" directive is deprecated, use the "http2" directive instead in /etc/nginx/sites-enabled/diet.conf:28
2026/03/12 19:09:11 [warn] 1#1: the "listen ... http2" directive is deprecated, use the "http2" directive instead in /etc/nginx/sites-enabled/diet.conf:39
2026/03/12 19:09:11 [warn] 1#1: the "listen ... http2" directive is deprecated, use the "http2" directive instead in /etc/nginx/sites-enabled/geo.conf:26
2026/03/12 19:09:11 [warn] 1#1: the "listen ... http2" directive is deprecated, use the "http2" directive instead in /etc/nginx/sites-enabled/geo.conf:37
2026/03/12 19:09:11 [emerg] 1#1: host not found in upstream "diet_frontend" in /etc/nginx/sites-enabled/diet.conf:63
2026/03/12 19:09:14 [warn] 1#1: the "listen ... http2" directive is deprecated, use the "http2" directive instead in /etc/nginx/sites-enabled/diet.conf:28
2026/03/12 19:09:14 [warn] 1#1: the "listen ... http2" directive is deprecated, use the "http2" directive instead in /etc/nginx/sites-enabled/diet.conf:39
2026/03/12 19:09:14 [warn] 1#1: the "listen ... http2" directive is deprecated, use the "http2" directive instead in /etc/nginx/sites-enabled/geo.conf:26
2026/03/12 19:09:14 [warn] 1#1: the "listen ... http2" directive is deprecated, use the "http2" directive instead in /etc/nginx/sites-enabled/geo.conf:37
2026/03/12 19:09:14 [emerg] 1#1: host not found in upstream "diet_frontend" in /etc/nginx/sites-enabled/diet.conf:63
2026/03/12 19:09:21 [warn] 1#1: the "listen ... http2" directive is deprecated, use the "http2" directive instead in /etc/nginx/sites-enabled/diet.conf:28
2026/03/12 19:09:21 [warn] 1#1: the "listen ... http2" directive is deprecated, use the "http2" directive instead in /etc/nginx/sites-enabled/diet.conf:39
2026/03/12 19:09:21 [warn] 1#1: the "listen ... http2" directive is deprecated, use the "http2" directive instead in /etc/nginx/sites-enabled/geo.conf:26
2026/03/12 19:09:21 [warn] 1#1: the "listen ... http2" directive is deprecated, use the "http2" directive instead in /etc/nginx/sites-enabled/geo.conf:37
2026/03/12 19:09:21 [emerg] 1#1: host not found in upstream "diet_frontend" in /etc/nginx/sites-enabled/diet.conf:63
2026/03/12 19:09:34 [warn] 1#1: the "listen ... http2" directive is deprecated, use the "http2" directive instead in /etc/nginx/sites-enabled/diet.conf:28
2026/03/12 19:09:34 [warn] 1#1: the "listen ... http2" directive is deprecated, use the "http2" directive instead in /etc/nginx/sites-enabled/diet.conf:39
2026/03/12 19:09:34 [warn] 1#1: the "listen ... http2" directive is deprecated, use the "http2" directive instead in /etc/nginx/sites-enabled/geo.conf:26
2026/03/12 19:09:34 [warn] 1#1: the "listen ... http2" directive is deprecated, use the "http2" directive instead in /etc/nginx/sites-enabled/geo.conf:37
2026/03/12 19:09:34 [emerg] 1#1: host not found in upstream "diet_frontend" in /etc/nginx/sites-enabled/diet.conf:63
2026/03/21 00:07:44 [warn] 1#1: the "listen ... http2" directive is deprecated, use the "http2" directive instead in /etc/nginx/sites-enabled/diet.conf:28
2026/03/21 00:07:44 [warn] 1#1: the "listen ... http2" directive is deprecated, use the "http2" directive instead in /etc/nginx/sites-enabled/diet.conf:39
2026/03/21 00:07:44 [warn] 1#1: the "listen ... http2" directive is deprecated, use the "http2" directive instead in /etc/nginx/sites-enabled/geo.conf:26
2026/03/21 00:07:44 [warn] 1#1: the "listen ... http2" directive is deprecated, use the "http2" directive instead in /etc/nginx/sites-enabled/geo.conf:37
2026/03/21 00:07:44 [emerg] 1#1: host not found in upstream "diet_frontend" in /etc/nginx/sites-enabled/diet.conf:63
2026/03/21 00:07:45 [warn] 1#1: the "listen ... http2" directive is deprecated, use the "http2" directive instead in /etc/nginx/sites-enabled/diet.conf:28
2026/03/21 00:07:45 [warn] 1#1: the "listen ... http2" directive is deprecated, use the "http2" directive instead in /etc/nginx/sites-enabled/diet.conf:39
2026/03/21 00:07:45 [warn] 1#1: the "listen ... http2" directive is deprecated, use the "http2" directive instead in /etc/nginx/sites-enabled/geo.conf:26
2026/03/21 00:07:45 [warn] 1#1: the "listen ... http2" directive is deprecated, use the "http2" directive instead in /etc/nginx/sites-enabled/geo.conf:37
2026/03/21 00:07:45 [emerg] 1#1: host not found in upstream "diet_frontend" in /etc/nginx/sites-enabled/diet.conf:63
2026/03/21 00:07:45 [warn] 1#1: the "listen ... http2" directive is deprecated, use the "http2" directive instead in /etc/nginx/sites-enabled/diet.conf:28
2026/03/21 00:07:45 [warn] 1#1: the "listen ... http2" directive is deprecated, use the "http2" directive instead in /etc/nginx/sites-enabled/diet.conf:39
2026/03/21 00:07:45 [warn] 1#1: the "listen ... http2" directive is deprecated, use the "http2" directive instead in /etc/nginx/sites-enabled/geo.conf:26
2026/03/21 00:07:45 [warn] 1#1: the "listen ... http2" directive is deprecated, use the "http2" directive instead in /etc/nginx/sites-enabled/geo.conf:37
2026/03/21 00:07:45 [emerg] 1#1: host not found in upstream "diet_frontend" in /etc/nginx/sites-enabled/diet.conf:63
2026/03/21 00:07:46 [warn] 1#1: the "listen ... http2" directive is deprecated, use the "http2" directive instead in /etc/nginx/sites-enabled/diet.conf:28
2026/03/21 00:07:46 [warn] 1#1: the "listen ... http2" directive is deprecated, use the "http2" directive instead in /etc/nginx/sites-enabled/diet.conf:39
2026/03/21 00:07:46 [warn] 1#1: the "listen ... http2" directive is deprecated, use the "http2" directive instead in /etc/nginx/sites-enabled/geo.conf:26
2026/03/21 00:07:46 [warn] 1#1: the "listen ... http2" directive is deprecated, use the "http2" directive instead in /etc/nginx/sites-enabled/geo.conf:37
2026/03/21 00:07:46 [emerg] 1#1: host not found in upstream "diet_frontend" in /etc/nginx/sites-enabled/diet.conf:63
2026/03/21 00:07:46 [warn] 1#1: the "listen ... http2" directive is deprecated, use the "http2" directive instead in /etc/nginx/sites-enabled/diet.conf:28
2026/03/21 00:07:46 [warn] 1#1: the "listen ... http2" directive is deprecated, use the "http2" directive instead in /etc/nginx/sites-enabled/diet.conf:39
2026/03/21 00:07:46 [warn] 1#1: the "listen ... http2" directive is deprecated, use the "http2" directive instead in /etc/nginx/sites-enabled/geo.conf:26
2026/03/21 00:07:46 [warn] 1#1: the "listen ... http2" directive is deprecated, use the "http2" directive instead in /etc/nginx/sites-enabled/geo.conf:37
2026/03/21 00:07:46 [emerg] 1#1: host not found in upstream "diet_frontend" in /etc/nginx/sites-enabled/diet.conf:63
2026/03/21 00:07:48 [warn] 1#1: the "listen ... http2" directive is deprecated, use the "http2" directive instead in /etc/nginx/sites-enabled/diet.conf:28
2026/03/21 00:07:48 [warn] 1#1: the "listen ... http2" directive is deprecated, use the "http2" directive instead in /etc/nginx/sites-enabled/diet.conf:39
2026/03/21 00:07:48 [warn] 1#1: the "listen ... http2" directive is deprecated, use the "http2" directive instead in /etc/nginx/sites-enabled/geo.conf:26
2026/03/21 00:07:48 [warn] 1#1: the "listen ... http2" directive is deprecated, use the "http2" directive instead in /etc/nginx/sites-enabled/geo.conf:37
2026/03/21 00:07:48 [emerg] 1#1: host not found in upstream "diet_frontend" in /etc/nginx/sites-enabled/diet.conf:63
2026/03/21 00:07:52 [warn] 1#1: the "listen ... http2" directive is deprecated, use the "http2" directive instead in /etc/nginx/sites-enabled/diet.conf:28
2026/03/21 00:07:52 [warn] 1#1: the "listen ... http2" directive is deprecated, use the "http2" directive instead in /etc/nginx/sites-enabled/diet.conf:39
2026/03/21 00:07:52 [warn] 1#1: the "listen ... http2" directive is deprecated, use the "http2" directive instead in /etc/nginx/sites-enabled/geo.conf:26
2026/03/21 00:07:52 [warn] 1#1: the "listen ... http2" directive is deprecated, use the "http2" directive instead in /etc/nginx/sites-enabled/geo.conf:37
2026/03/21 00:07:52 [emerg] 1#1: host not found in upstream "diet_frontend" in /etc/nginx/sites-enabled/diet.conf:63
2026/03/21 00:07:58 [warn] 1#1: the "listen ... http2" directive is deprecated, use the "http2" directive instead in /etc/nginx/sites-enabled/diet.conf:28
2026/03/21 00:07:58 [warn] 1#1: the "listen ... http2" directive is deprecated, use the "http2" directive instead in /etc/nginx/sites-enabled/diet.conf:39
2026/03/21 00:07:58 [warn] 1#1: the "listen ... http2" directive is deprecated, use the "http2" directive instead in /etc/nginx/sites-enabled/geo.conf:26
2026/03/21 00:07:58 [warn] 1#1: the "listen ... http2" directive is deprecated, use the "http2" directive instead in /etc/nginx/sites-enabled/geo.conf:37
2026/03/21 00:07:58 [emerg] 1#1: host not found in upstream "diet_frontend" in /etc/nginx/sites-enabled/diet.conf:63
2026/04/06 13:52:25 [warn] 1#1: the "listen ... http2" directive is deprecated, use the "http2" directive instead in /etc/nginx/sites-enabled/diet.conf:28
2026/04/06 13:52:25 [warn] 1#1: the "listen ... http2" directive is deprecated, use the "http2" directive instead in /etc/nginx/sites-enabled/diet.conf:39
2026/04/06 13:52:25 [warn] 1#1: the "listen ... http2" directive is deprecated, use the "http2" directive instead in /etc/nginx/sites-enabled/geo.conf:26
2026/04/06 13:52:25 [warn] 1#1: the "listen ... http2" directive is deprecated, use the "http2" directive instead in /etc/nginx/sites-enabled/geo.conf:37
2026/04/06 13:52:25 [emerg] 1#1: host not found in upstream "diet_frontend" in /etc/nginx/sites-enabled/diet.conf:63
2026/04/06 13:52:26 [warn] 1#1: the "listen ... http2" directive is deprecated, use the "http2" directive instead in /etc/nginx/sites-enabled/diet.conf:28
2026/04/06 13:52:26 [warn] 1#1: the "listen ... http2" directive is deprecated, use the "http2" directive instead in /etc/nginx/sites-enabled/diet.conf:39
2026/04/06 13:52:26 [warn] 1#1: the "listen ... http2" directive is deprecated, use the "http2" directive instead in /etc/nginx/sites-enabled/geo.conf:26
2026/04/06 13:52:26 [warn] 1#1: the "listen ... http2" directive is deprecated, use the "http2" directive instead in /etc/nginx/sites-enabled/geo.conf:37
2026/04/06 13:52:26 [emerg] 1#1: host not found in upstream "diet_frontend" in /etc/nginx/sites-enabled/diet.conf:63
2026/04/06 13:52:26 [warn] 1#1: the "listen ... http2" directive is deprecated, use the "http2" directive instead in /etc/nginx/sites-enabled/diet.conf:28
2026/04/06 13:52:26 [warn] 1#1: the "listen ... http2" directive is deprecated, use the "http2" directive instead in /etc/nginx/sites-enabled/diet.conf:39
2026/04/06 13:52:26 [warn] 1#1: the "listen ... http2" directive is deprecated, use the "http2" directive instead in /etc/nginx/sites-enabled/geo.conf:26
2026/04/06 13:52:26 [warn] 1#1: the "listen ... http2" directive is deprecated, use the "http2" directive instead in /etc/nginx/sites-enabled/geo.conf:37
2026/04/06 13:52:26 [emerg] 1#1: host not found in upstream "diet_frontend" in /etc/nginx/sites-enabled/diet.conf:63
2026/04/06 13:52:26 [warn] 1#1: the "listen ... http2" directive is deprecated, use the "http2" directive instead in /etc/nginx/sites-enabled/diet.conf:28
2026/04/06 13:52:26 [warn] 1#1: the "listen ... http2" directive is deprecated, use the "http2" directive instead in /etc/nginx/sites-enabled/diet.conf:39
2026/04/06 13:52:26 [warn] 1#1: the "listen ... http2" directive is deprecated, use the "http2" directive instead in /etc/nginx/sites-enabled/geo.conf:26
2026/04/06 13:52:26 [warn] 1#1: the "listen ... http2" directive is deprecated, use the "http2" directive instead in /etc/nginx/sites-enabled/geo.conf:37
2026/04/06 13:52:26 [emerg] 1#1: host not found in upstream "diet_frontend" in /etc/nginx/sites-enabled/diet.conf:63
2026/04/06 13:52:27 [warn] 1#1: the "listen ... http2" directive is deprecated, use the "http2" directive instead in /etc/nginx/sites-enabled/diet.conf:28
2026/04/06 13:52:27 [warn] 1#1: the "listen ... http2" directive is deprecated, use the "http2" directive instead in /etc/nginx/sites-enabled/diet.conf:39
2026/04/06 13:52:27 [warn] 1#1: the "listen ... http2" directive is deprecated, use the "http2" directive instead in /etc/nginx/sites-enabled/geo.conf:26
2026/04/06 13:52:27 [warn] 1#1: the "listen ... http2" directive is deprecated, use the "http2" directive instead in /etc/nginx/sites-enabled/geo.conf:37
2026/04/06 13:52:27 [emerg] 1#1: host not found in upstream "diet_frontend" in /etc/nginx/sites-enabled/diet.conf:63
2026/04/06 13:52:29 [warn] 1#1: the "listen ... http2" directive is deprecated, use the "http2" directive instead in /etc/nginx/sites-enabled/diet.conf:28
2026/04/06 13:52:29 [warn] 1#1: the "listen ... http2" directive is deprecated, use the "http2" directive instead in /etc/nginx/sites-enabled/diet.conf:39
2026/04/06 13:52:29 [warn] 1#1: the "listen ... http2" directive is deprecated, use the "http2" directive instead in /etc/nginx/sites-enabled/geo.conf:26
2026/04/06 13:52:29 [warn] 1#1: the "listen ... http2" directive is deprecated, use the "http2" directive instead in /etc/nginx/sites-enabled/geo.conf:37
2026/04/06 13:52:29 [emerg] 1#1: host not found in upstream "diet_frontend" in /etc/nginx/sites-enabled/diet.conf:63
2026/04/06 13:52:32 [warn] 1#1: the "listen ... http2" directive is deprecated, use the "http2" directive instead in /etc/nginx/sites-enabled/diet.conf:28
2026/04/06 13:52:32 [warn] 1#1: the "listen ... http2" directive is deprecated, use the "http2" directive instead in /etc/nginx/sites-enabled/diet.conf:39
2026/04/06 13:52:32 [warn] 1#1: the "listen ... http2" directive is deprecated, use the "http2" directive instead in /etc/nginx/sites-enabled/geo.conf:26
2026/04/06 13:52:32 [warn] 1#1: the "listen ... http2" directive is deprecated, use the "http2" directive instead in /etc/nginx/sites-enabled/geo.conf:37
2026/04/06 13:52:32 [emerg] 1#1: host not found in upstream "diet_frontend" in /etc/nginx/sites-enabled/diet.conf:63
